,id,type_id,sub_type_id,fixture_id,player_id,related_player_id,period_id,participant_id,addition,minute,sort_order
0,75606902,19,,95751,31455.0,,818613,2554,,79,1
1,30718224,19,1496.0,95751,24101.0,,818612,2554,,34,1
2,30718234,19,1496.0,95751,32479.0,,818613,482,,58,1
3,86628213,19,1496.0,95751,31455.0,,818613,2554,,80,1
4,30719980,19,1496.0,96632,31623.0,,820361,2554,,67,1
5,30719995,19,1499.0,96632,31558.0,,820361,2554,,85,1
6,30720744,19,1496.0,96825,31728.0,,820747,2554,,90,1
7,30720701,19,1496.0,96825,30372.0,,820747,68,,56,1
8,30720711,19,1499.0,96825,31656.0,,820747,2554,,84,1
9,30720727,19,1497.0,96825,1607.0,,820747,2554,,85,1
10,30722200,19,1496.0,97001,31558.0,,821098,2554,,23,1
11,30722206,19,1496.0,97001,24101.0,,821098,2554,,31,1
12,30722211,19,1496.0,97001,23449.0,,821098,90,,34,1
13,30722221,19,1496.0,97001,29703.0,,821099,2554,,71,1
14,30722238,19,1496.0,97001,335.0,,821099,2554,,89,1
15,30723154,19,1496.0,97075,31246.0,,821246,3319,,38,1
16,30723164,19,1496.0,97075,32648.0,,821246,3319,,45,1
17,30723179,19,1496.0,97075,29703.0,,821247,2554,,58,1
18,30723200,19,1496.0,97075,32508.0,,821247,2554,,79,1
19,30723218,19,1496.0,97075,31455.0,,821247,2554,,81,1
20,75608807,19,1496.0,97075,31280.0,,821247,3319,,88,1
21,30723453,19,1496.0,97103,32101.0,,821302,510,,26,1
22,30723465,19,1496.0,97103,31730.0,,821303,510,,69,1
23,30723475,19,1496.0,97103,31656.0,,821303,2554,,83,1
24,71275114,19,1496.0,97103,24101.0,,821303,2554,,90,1
25,30724643,19,1496.0,97193,31728.0,,821482,2554,,19,1
26,30724662,19,1496.0,97193,30189.0,,821482,82,,36,1
27,30724679,19,1496.0,97193,29703.0,,821483,2554,,51,1
28,30724706,19,1496.0,97193,32118.0,,821483,2554,,89,1
29,30724725,19,1501.0,97193,1607.0,,821483,2554,,90,1
30,30726144,19,1496.0,97321,32464.0,,821738,3320,,21,1
31,30726195,19,1496.0,97321,32145.0,,821739,3320,,49,1
32,30726171,19,1496.0,97321,30885.0,,821738,2554,,23,1
33,30726222,19,1496.0,97321,31728.0,,821739,2554,,67,1
34,30726255,19,1496.0,97321,30865.0,,821739,3320,,81,1
35,30726743,19,1499.0,97368,30892.0,,821832,366,,28,1
36,30726754,19,1496.0,97368,29843.0,,821832,366,,35,1
37,30726762,19,1496.0,97368,31728.0,,821833,2554,,53,1
38,30726769,19,1501.0,97368,32136.0,,821833,366,,68,1
39,30726781,19,1496.0,97368,30871.0,,821833,366,,73,1
40,30728486,19,1496.0,97507,31260.0,,822111,3317,,70,1
41,30728462,19,1496.0,97507,32048.0,,822110,3317,,28,1
42,30728458,19,1496.0,97507,31455.0,,822110,2554,,5,1
43,30728472,19,1496.0,97507,335.0,,822111,2554,,59,1
44,30728499,19,1496.0,97507,31039.0,,822111,3317,,77,1
45,30729634,19,1496.0,97602,31291.0,,822301,683,,57,1
46,30729661,19,1496.0,97602,31558.0,,822301,2554,,62,1
47,30730670,19,1496.0,97704,335.0,,822504,2554,,15,1
48,30730674,19,1497.0,97704,29815.0,,822505,573,,50,1
49,30730680,19,1497.0,97704,29703.0,,822505,2554,,50,1
50,30730686,19,1496.0,97704,30506.0,,822505,573,,56,1
51,30730696,19,1496.0,97704,31412.0,,822505,573,,60,1
52,75611501,19,1496.0,97704,32118.0,,822505,2554,,79,1
53,30731356,19,1496.0,97764,880.0,,822624,67,,9,1
54,30731384,19,1496.0,97764,24101.0,,822625,2554,,51,1
55,30732682,19,1496.0,97884,32372.0,,822864,2726,,19,1
56,30732692,19,1497.0,97884,32118.0,,822864,2554,,38,1
57,30732703,19,1496.0,97884,32117.0,,822865,2554,,72,1
58,30732713,19,1496.0,97884,335.0,,822865,2554,,82,1
59,30734525,19,1496.0,98036,30078.0,,823166,482,,22,1
60,30734542,19,1496.0,98036,30996.0,,823166,482,,25,1
61,30734559,19,1496.0,98036,32477.0,,823166,482,,42,1
62,30734578,19,1496.0,98036,31728.0,,823166,2554,,44,1
63,30734597,19,1501.0,98036,30607.0,,823167,482,,77,1
64,30734615,19,1496.0,98036,29703.0,,823167,2554,,81,1
65,30734634,19,1496.0,98036,32507.0,,823167,482,,84,1
66,30735341,19,1506.0,98120,31727.0,,823335,2554,,65,1
67,30735294,19,1496.0,98120,32118.0,,823334,2554,,25,1
68,30735315,19,1496.0,98120,31684.0,,823335,2554,,62,1
69,30736291,19,1496.0,98214,32470.0,,823523,2554,,81,1
70,30736273,19,1496.0,98214,32391.0,,823523,794,,58,1
71,30736258,19,1496.0,98214,31931.0,,823522,794,,2,1
72,30737062,19,1496.0,98279,31623.0,,823652,2554,,36,1
73,30737092,19,1496.0,98279,879.0,,823653,68,,69,1
74,75614259,19,,98429,31198.0,,823953,90,,89,1
75,30738653,19,1496.0,98429,32118.0,,823953,2554,,48,1
76,30738674,19,1496.0,98429,31728.0,,823953,2554,,50,1
77,30738691,19,1496.0,98429,31982.0,,823953,90,,85,1
78,86627227,19,1497.0,98429,,,823953,90,,89,1
79,30739056,19,,98467,31727.0,,824029,2554,,56,1
80,30739046,19,1496.0,98467,31212.0,,824029,3319,,54,1
81,30739075,19,1496.0,98467,33695.0,,824029,2554,,65,1
82,30739090,19,1496.0,98467,31558.0,,824029,2554,,72,1
83,30739703,19,1496.0,98522,30328.0,,824138,510,,24,1
84,30739716,19,1496.0,98522,33747.0,,824138,2554,,42,1
85,30739723,19,1496.0,98522,29703.0,,824139,2554,,56,1
86,30717647,19,1496.0,95713,32170.0,,818542,3321,,11,1
87,30719300,19,1496.0,96424,30498.0,,321631,2726,,63,1
88,30719352,19,1496.0,96424,3871.0,,321631,503,,71,1
89,75607268,21,1499.0,96424,3871.0,,321631,503,,72,1
90,30719387,19,1506.0,96424,30286.0,,321631,503,,75,1
91,30719398,19,1496.0,96424,32113.0,,321631,2726,,77,1
92,30719410,19,1496.0,96424,29830.0,,321631,503,,83,1
93,30719437,19,1496.0,96424,30987.0,,321631,2726,,89,1
94,30719892,19,1496.0,96657,32116.0,,820410,2726,,14,1
95,30719922,19,1497.0,96657,30078.0,,820410,482,,25,1
96,30719952,19,1497.0,96657,24280.0,,820410,2726,,25,1
97,30719978,19,1496.0,96657,32477.0,,820411,482,,54,1
98,30720007,19,1496.0,96657,32507.0,,820411,482,,62,1
99,30721092,19,1496.0,96910,31531.0,,820916,82,,17,1
100,30721128,19,,96910,31276.0,,820917,82,,90,1
101,30721097,19,1496.0,96910,31550.0,,820917,2726,,53,1
102,30721102,19,1506.0,96910,30987.0,,820917,2726,,60,1
103,30721110,19,1496.0,96910,31534.0,,820917,82,,66,1
104,30721117,19,1496.0,96910,29717.0,,820917,82,,69,1
105,30721267,19,1496.0,96929,32372.0,,820954,2726,,41,1
106,30721275,19,1496.0,96929,31533.0,,820955,2726,,49,1
107,75608210,19,1496.0,96929,32428.0,,820955,794,,90,1
108,30723137,19,1496.0,97084,31533.0,,821264,2726,,9,1
109,30723157,19,1496.0,97084,4842.0,,821265,68,,69,1
110,75608866,19,1496.0,97084,31550.0,,821265,2726,,82,1
111,30723681,19,1496.0,97121,31991.0,,821339,90,,68,1
112,30723658,19,1496.0,97121,31773.0,,821339,2726,,48,1
113,86627926,19,1496.0,97121,,,821339,2726,,48,1
114,30723663,19,1496.0,97121,31550.0,,821339,2726,,60,1
115,30723672,19,1496.0,97121,31775.0,,821339,2726,,65,1
116,75609073,19,,97121,30498.0,,821339,2726,,78,1
117,30724787,19,,97212,25775.0,,821521,3319,,73,1
118,30724766,19,1496.0,97212,30548.0,,821521,2726,,60,1
119,30724801,19,1496.0,97212,31550.0,,821521,2726,,78,1
120,86627887,19,1496.0,97212,,,821521,3319,,73,1
121,71275139,19,,97212,30498.0,,821521,2726,,90,1
122,30725703,19,1503.0,97275,30959.0,,821647,510,,57,1
123,30725714,19,1496.0,97275,30633.0,,821647,510,,59,1
124,30725745,19,1496.0,97275,31648.0,,821647,510,,85,1
125,30725733,19,1497.0,97275,30328.0,,821647,510,,71,1
126,30726404,19,1496.0,97340,1246.0,,821776,2708,,26,1
127,30726424,19,1506.0,97340,32361.0,,821777,2708,,77,1
128,30726396,19,1496.0,97340,31533.0,,821776,2726,,11,1
129,30726414,19,1496.0,97340,31572.0,,821777,2708,,57,1
130,75610108,21,1496.0,97340,31533.0,,821777,2726,,68,1
131,30726432,19,1496.0,97340,30987.0,,821777,2726,,80,1
132,30726445,19,1496.0,97340,31087.0,,821777,2708,,84,1
133,86627809,19,1496.0,97340,,,821777,2708,,84,1
134,30726452,19,,97340,31550.0,,821777,2726,,89,1
135,30727735,19,,97460,30870.0,,822017,3320,,74,1
136,30727690,19,1496.0,97460,30498.0,,822016,2726,,30,1
137,30727718,19,1496.0,97460,32145.0,,822017,3320,,66,1
138,86627740,19,1496.0,97460,,,822017,3320,,74,1
139,30728845,19,1496.0,97546,30498.0,,822189,2726,,68,1
140,30728822,19,1496.0,97546,32136.0,,822188,366,,11,1
141,30728857,19,1496.0,97546,30871.0,,822189,366,,78,1
142,30728870,19,1497.0,97546,32212.0,,822189,366,,90,1
143,30730129,19,1496.0,97659,30987.0,,822414,2726,,32,1
144,30730142,19,1496.0,97659,30142.0,,822414,3317,,35,1
145,30730153,19,1496.0,97659,31039.0,,822415,3317,,85,1
146,30730129,19,1496.0,97659,30987.0,,822414,2726,,32,1
147,30730142,19,1496.0,97659,30142.0,,822414,3317,,35,1
148,30730153,19,1496.0,97659,31039.0,,822415,3317,,85,1
149,30730867,19,1496.0,97716,32585.0,,822528,2726,,8,1
150,30730874,19,1496.0,97716,32347.0,,822528,683,,25,1
151,30730892,19,1503.0,97716,32113.0,,822529,2726,,59,1
152,30731835,19,1499.0,97811,31257.0,,822719,573,,50,1
153,30731847,19,1506.0,97811,32372.0,,822719,2726,,74,1
154,30731864,19,1496.0,97811,32356.0,,822719,573,,80,1
155,30732682,19,1496.0,97884,32372.0,,822864,2726,,19,1
156,30732692,19,1497.0,97884,32118.0,,822864,2554,,38,1
157,30732703,19,1496.0,97884,32117.0,,822865,2554,,72,1
158,30732713,19,1496.0,97884,335.0,,822865,2554,,82,1
159,30733105,19,1496.0,97932,31824.0,,822959,67,,90,1
160,30733070,19,1496.0,97932,31773.0,,822959,2726,,57,1
161,30733092,19,1496.0,97932,30548.0,,822959,2726,,58,1
162,30734596,19,1496.0,98053,32113.0,,823200,2726,,17,1
163,30734626,19,1496.0,98053,32157.0,,823201,3321,,58,1
164,30734645,19,1496.0,98053,32286.0,,823201,2726,,73,1
165,75612866,19,1496.0,98053,31714.0,,823201,3321,,86,1
166,30735899,19,1496.0,98176,32352.0,,823446,503,,28,1
167,30735920,19,1496.0,98176,31773.0,,823446,2726,,28,1
168,30736834,19,1497.0,98260,32585.0,,823615,2726,,73,1
169,30736843,19,1497.0,98260,29936.0,,823615,482,,73,1
170,30736849,19,1506.0,98260,30078.0,,823615,482,,81,1
171,30736855,19,1501.0,98260,23606.0,,823615,482,,82,1
172,30737386,19,1496.0,98306,31550.0,,823706,2726,,45,1
173,30737400,19,1496.0,98306,1232.0,,823707,2726,,49,1
174,30737411,19,1496.0,98306,31924.0,,823707,82,,56,1
175,30737421,19,1496.0,98306,31566.0,,823707,2726,,73,1
176,75613819,21,1496.0,98306,1232.0,,823707,2726,,77,1
177,30737432,19,1496.0,98306,4161.0,,823707,2726,,90,1
178,30738255,19,1496.0,98391,30548.0,,823876,2726,,14,1
179,30738260,19,1496.0,98391,31483.0,,823876,794,,27,1
180,30738264,19,1497.0,98391,32282.0,,823877,794,,90,1
181,75614470,20,1496.0,98495,30548.0,,824085,2726,,58,1
182,75606902,19,,95751,31455.0,,818613,2554,,79,1
183,30718224,19,1496.0,95751,24101.0,,818612,2554,,34,1
184,30718234,19,1496.0,95751,32479.0,,818613,482,,58,1
185,86628213,19,1496.0,95751,31455.0,,818613,2554,,80,1
186,30718626,19,1496.0,95798,32473.0,,321630,482,,52,1
187,86628180,19,1496.0,95798,,,321630,482,,52,1
188,75607107,19,,95798,31138.0,,321630,67,,68,1
189,75607098,19,,95798,30996.0,,321630,482,,90,1
190,86628187,19,1496.0,95798,,,321630,482,,90,1
191,30719892,19,1496.0,96657,32116.0,,820410,2726,,14,1
192,30719922,19,1497.0,96657,30078.0,,820410,482,,25,1
193,30719952,19,1497.0,96657,24280.0,,820410,2726,,25,1
194,30719978,19,1496.0,96657,32477.0,,820411,482,,54,1
195,30720007,19,1496.0,96657,32507.0,,820411,482,,62,1
196,30720565,19,1496.0,96803,32170.0,,820702,3321,,41,1
197,30720551,19,1497.0,96803,31135.0,,820702,3321,,35,1
198,30720575,19,1501.0,96803,32019.0,,820703,482,,68,1
199,30720585,19,1496.0,96803,31344.0,,820703,3321,,90,1
200,30721824,19,1496.0,96974,30996.0,,821045,482,,73,1
201,86628047,19,1496.0,96974,,,821045,482,,73,1
202,30721833,19,1496.0,96974,32479.0,,821045,482,,78,1
203,75608357,19,,96974,31686.0,,821045,503,,80,1
204,30722730,19,,97038,31695.0,,821173,482,,88,1
205,30722704,19,1496.0,97038,30189.0,,821172,82,,10,1
206,30722715,19,1496.0,97038,31866.0,,821172,482,,28,1
207,30722719,19,1496.0,97038,31507.0,,821172,82,,30,1
208,30722725,19,1496.0,97038,30078.0,,821172,482,,40,1
209,75608686,21,1497.0,97038,30189.0,,821173,82,,88,1
210,86628023,19,1497.0,97038,,,821173,482,,88,1
211,30724224,19,1496.0,97166,30996.0,,821428,482,,45,1
212,30724238,19,1496.0,97166,29936.0,,821429,482,,54,1
213,30724382,19,1496.0,97175,31098.0,,821446,794,,21,1
214,30724389,19,1496.0,97175,23987.0,,821447,482,,52,1
215,30724396,19,1501.0,97175,4817.0,,821447,794,,70,1
216,30725801,19,1496.0,97294,30641.0,,821685,90,,67,1
217,30725808,19,1496.0,97294,23987.0,,821685,482,,85,1
218,30725786,19,1496.0,97294,29936.0,,821685,482,,47,1
219,30725790,19,1497.0,97294,31206.0,,821685,90,,61,1
220,30725796,19,1496.0,97294,32507.0,,821685,482,,66,1
221,30726906,19,1496.0,97385,30607.0,,821867,482,,59,1
222,30726923,19,1496.0,97385,30996.0,,821867,482,,62,1
223,30726943,19,1496.0,97385,30920.0,,821867,510,,75,1
224,30728245,19,1496.0,97488,23006.0,,822072,3319,,33,1
225,30728257,19,1497.0,97488,32648.0,,822073,3319,,54,1
226,30728267,19,1496.0,97488,32203.0,,822073,3319,,58,1
227,30728278,19,1496.0,97488,32507.0,,822073,482,,61,1
228,30728288,19,1496.0,97488,31695.0,,822073,482,,90,1
229,30729124,19,1497.0,97563,32507.0,,822223,482,,56,1
230,30729137,19,1496.0,97563,77.0,,822223,2708,,57,1
231,30729088,19,1496.0,97563,30996.0,,822222,482,,25,1
232,30729096,19,1496.0,97563,32477.0,,822222,482,,45,1
233,30729112,19,1496.0,97563,30078.0,,822223,482,,52,1
234,30729159,19,1496.0,97563,32361.0,,822223,2708,,85,1
235,30730267,19,1496.0,97668,29743.0,,822432,482,,2,1
236,30730279,19,1497.0,97668,30078.0,,822433,482,,49,1
237,30730292,19,1497.0,97668,32432.0,,822433,573,,54,1
238,30730296,19,1499.0,97668,31504.0,,822433,573,,63,1
239,30730308,19,1496.0,97668,32479.0,,822433,482,,90,1
240,30730267,19,1496.0,97668,29743.0,,822432,482,,2,1
241,30730279,19,1497.0,97668,30078.0,,822433,482,,49,1
242,30730292,19,1497.0,97668,32432.0,,822433,573,,54,1
243,30730296,19,1499.0,97668,31504.0,,822433,573,,63,1
244,30730308,19,1496.0,97668,32479.0,,822433,482,,90,1
245,30730349,19,1496.0,97677,32507.0,,822450,482,,45,1
246,30730367,19,1496.0,97677,32479.0,,822451,482,,74,1
247,71275264,19,1496.0,97677,32154.0,,822451,3320,,80,1
248,30732240,19,1496.0,97839,31866.0,,822775,482,,50,1
249,30732316,19,,97839,29843.0,,822775,366,,87,1
250,30732218,19,1496.0,97839,32136.0,,822774,366,,39,1
251,30732270,19,1497.0,97839,30078.0,,822775,482,,58,1
252,30732284,19,1497.0,97839,32212.0,,822775,366,,58,1
253,30732295,19,1496.0,97839,30871.0,,822775,366,,59,1
254,30732304,19,1501.0,97839,32019.0,,822775,482,,85,1
255,86627562,19,1497.0,97839,,,822775,366,,87,1
256,30732779,19,1496.0,97893,30607.0,,822883,482,,58,1
257,30732740,19,1497.0,97893,32477.0,,822882,482,,38,1
258,30732748,19,1497.0,97893,31221.0,,822882,3317,,38,1
259,30732765,19,1496.0,97893,30996.0,,822882,482,,39,1
260,86627539,19,1503.0,97893,,,822883,482,,58,1
261,30732790,19,,97893,32172.0,,822883,482,,76,1
262,30734096,19,1496.0,98007,30078.0,,823108,482,,38,1
263,75612691,20,1498.0,98007,1887.0,,823108,683,,38,1
264,30734111,19,1496.0,98007,30590.0,,823108,683,,45,1
265,30734122,19,1496.0,98007,23987.0,,823108,482,,45,1
266,30734130,19,1496.0,98007,31866.0,,823108,482,,60,1
267,30734139,19,1496.0,98007,29936.0,,823109,482,,65,1
268,30734525,19,1496.0,98036,30078.0,,823166,482,,22,1
269,30734542,19,1496.0,98036,30996.0,,823166,482,,25,1
270,30734559,19,1496.0,98036,32477.0,,823166,482,,42,1
271,30734578,19,1496.0,98036,31728.0,,823166,2554,,44,1
272,30734597,19,1501.0,98036,30607.0,,823167,482,,77,1
273,30734615,19,1496.0,98036,29703.0,,823167,2554,,81,1
274,30734634,19,1496.0,98036,32507.0,,823167,482,,84,1
275,30735575,19,1497.0,98147,30607.0,,823389,482,,55,1
276,30735582,19,1496.0,98147,31840.0,,823389,67,,59,1
277,30735589,19,1496.0,98147,30078.0,,823389,482,,66,1
278,30735597,19,1496.0,98147,23606.0,,823389,482,,83,1
279,30735605,19,1497.0,98147,31824.0,,823389,67,,84,1
280,30736834,19,1497.0,98260,32585.0,,823615,2726,,73,1
281,30736843,19,1497.0,98260,29936.0,,823615,482,,73,1
282,30736849,19,1506.0,98260,30078.0,,823615,482,,81,1
283,30736855,19,1501.0,98260,23606.0,,823615,482,,82,1
284,75613846,19,,98315,31825.0,,823725,3321,,90,1
285,30737454,19,1499.0,98315,32170.0,,823724,3321,,23,1
286,30737462,19,1496.0,98315,32477.0,,823724,482,,37,1
287,30737469,19,1496.0,98315,29743.0,,823725,482,,69,1
288,30737477,19,1496.0,98315,32479.0,,823725,482,,84,1
289,30737483,19,1496.0,98315,29936.0,,823725,482,,85,1
290,30737492,19,1496.0,98315,30078.0,,823725,482,,88,1
291,30737504,19,1496.0,98315,32367.0,,823725,3321,,90,1
292,75613845,19,1501.0,98315,30607.0,,823725,482,,90,1
293,86627356,19,1496.0,98315,,,823725,482,,90,1
294,30738077,19,1496.0,98364,29830.0,,823822,503,,39,1
295,30738091,19,1496.0,98364,32362.0,,823823,503,,50,1
296,30739276,19,,98476,31924.0,,824047,82,,47,1
297,30739238,19,,98476,32385.0,,824046,82,,45,1
298,30739323,19,,98476,32479.0,,824047,482,,57,1
299,30739221,19,,98476,31507.0,,824046,82,,43,1
300,30739352,19,,98476,30078.0,,824047,482,,71,1
301,30739208,19,,98476,23606.0,,824046,482,,36,1
302,30718358,19,1497.0,95770,1371.0,,818650,510,,45,1
303,30718370,19,1496.0,95770,30871.0,,818650,366,,45,1
304,75607135,19,,95807,29970.0,,818717,90,,90,1
305,30718780,19,1496.0,95807,30236.0,,818716,366,,20,1
306,30718789,19,1496.0,95807,31982.0,,818717,90,,53,1
307,30718803,19,1497.0,95807,23449.0,,818717,90,,89,1
308,30718810,19,1497.0,95807,30871.0,,818717,366,,89,1
309,86628200,19,1506.0,95807,,,818717,90,,90,1
310,30719598,19,1496.0,96555,31254.0,,820206,366,,21,1
311,30719607,19,1496.0,96555,32212.0,,820206,366,,26,1
312,30719617,19,1496.0,96555,31246.0,,820207,3319,,48,1
313,30719623,19,1496.0,96555,31768.0,,820207,366,,50,1
314,86628135,19,1496.0,96555,,,820207,366,,50,1
315,75607509,20,1505.0,96555,23006.0,,820207,3319,,67,1
316,30719631,19,1496.0,96555,31935.0,,820207,3319,,86,1
317,30719633,19,,96555,31770.0,,820207,3319,,89,1
318,30720982,19,1496.0,96889,32212.0,,820874,366,,1,1
319,30720993,19,1496.0,96889,30892.0,,820875,366,,63,1
320,30721012,19,1496.0,96889,32057.0,,820875,3320,,89,1
321,30721442,19,1496.0,96946,29843.0,,820989,366,,67,1
322,30721455,19,1497.0,96946,31139.0,,820989,366,,75,1
323,30721413,19,1496.0,96946,30236.0,,820988,366,,9,1
324,30721425,19,1497.0,96946,32136.0,,820989,366,,65,1
325,30722701,19,1496.0,97045,31153.0,,821186,67,,12,1
326,30722707,19,1496.0,97045,29843.0,,821187,366,,65,1
327,30722714,19,1496.0,97045,31768.0,,821187,366,,79,1
328,86627975,19,1496.0,97045,,,821187,366,,79,1
329,75608717,19,,97045,31661.0,,821187,67,,87,1
330,30724042,19,1496.0,97157,31772.0,,821410,3317,,16,1
331,30724054,19,1496.0,97157,32212.0,,821410,366,,19,1
332,30724061,19,1496.0,97157,31362.0,,821411,366,,86,1
333,30724875,19,1496.0,97221,31139.0,,821539,366,,54,1
334,30724887,19,1496.0,97221,32472.0,,821539,573,,65,1
335,30724862,19,1496.0,97221,30236.0,,821538,366,,31,1
336,30726270,19,1496.0,97312,30590.0,,821720,683,,31,1
337,30726333,19,1496.0,97312,30567.0,,821721,366,,64,1
338,30726365,19,,97312,29843.0,,821721,366,,82,1
339,30726313,19,1496.0,97312,32136.0,,821721,366,,62,1
340,30726229,19,1496.0,97312,32193.0,,821720,683,,28,1
341,30726293,19,1506.0,97312,31707.0,,821721,683,,59,1
342,86627877,19,1496.0,97312,,,821721,366,,64,1
343,30726350,19,,97312,30366.0,,821721,366,,76,1
344,86627881,19,1496.0,97312,,,821721,366,,76,1
345,30726743,19,1499.0,97368,30892.0,,821832,366,,28,1
346,30726754,19,1496.0,97368,29843.0,,821832,366,,35,1
347,30726762,19,1496.0,97368,31728.0,,821833,2554,,53,1
348,30726769,19,1501.0,97368,32136.0,,821833,366,,68,1
349,30726781,19,1496.0,97368,30871.0,,821833,366,,73,1
350,30727404,19,1496.0,97422,31768.0,,821941,366,,83,1
351,30727388,19,1496.0,97422,29593.0,,821941,503,,69,1
352,30727410,19,1503.0,97422,639.0,,821941,503,,85,1
353,30727363,19,1496.0,97422,30567.0,,821940,366,,1,1
354,30727377,19,1496.0,97422,32136.0,,821941,366,,57,1
355,30727418,19,1497.0,97422,31362.0,,821941,366,,90,1
356,30728845,19,1496.0,97546,30498.0,,822189,2726,,68,1
357,30728822,19,1496.0,97546,32136.0,,822188,366,,11,1
358,30728857,19,1496.0,97546,30871.0,,822189,366,,78,1
359,30728870,19,1497.0,97546,32212.0,,822189,366,,90,1
360,30729786,19,1496.0,97622,31139.0,,822341,366,,66,1
361,30729798,19,1496.0,97622,32532.0,,822341,366,,69,1
362,86627668,19,1496.0,97622,,,822341,366,,69,1
363,30729817,19,,97622,31713.0,,822341,3321,,77,1
364,30730850,19,1496.0,97726,31768.0,,822548,366,,25,1
365,30730861,19,1496.0,97726,29660.0,,822548,366,,28,1
366,75611603,21,1496.0,97726,29660.0,,822548,366,,40,1
367,30730880,19,1496.0,97726,31098.0,,822548,794,,62,1
368,30730891,19,1496.0,97726,32672.0,,822549,794,,65,1
369,30730905,19,1496.0,97726,32428.0,,822549,794,,83,1
370,30730921,19,1496.0,97726,32537.0,,822549,366,,89,1
371,30730938,19,1496.0,97726,31274.0,,822549,794,,90,1
372,30732240,19,1496.0,97839,31866.0,,822775,482,,50,1
373,30732316,19,,97839,29843.0,,822775,366,,87,1
374,30732218,19,1496.0,97839,32136.0,,822774,366,,39,1
375,30732270,19,1497.0,97839,30078.0,,822775,482,,58,1
376,30732284,19,1497.0,97839,32212.0,,822775,366,,58,1
377,30732295,19,1496.0,97839,30871.0,,822775,366,,59,1
378,30732304,19,1501.0,97839,32019.0,,822775,482,,85,1
379,86627562,19,1497.0,97839,,,822775,366,,87,1
380,30733067,19,1496.0,97922,31737.0,,822938,366,,28,1
381,75612346,21,1496.0,97922,31737.0,,822938,366,,44,1
382,30733385,19,1496.0,97951,31885.0,,822996,366,,10,1
383,30733396,19,1496.0,97951,29717.0,,822996,82,,14,1
384,30733404,19,1496.0,97951,30567.0,,822996,366,,42,1
385,30733419,19,1496.0,97951,31427.0,,822997,82,,78,1
386,70910965,19,1497.0,97951,32406.0,,822997,82,,79,1
387,30733439,19,1496.0,97951,31362.0,,822997,366,,79,1
388,30733452,19,1496.0,97951,31709.0,,822997,82,,86,1
389,75612444,19,1496.0,97951,32390.0,,822997,82,,87,1
390,30734901,19,,98082,30236.0,,823259,366,,85,1
391,30734887,19,1496.0,98082,29687.0,,823259,366,,56,1
392,30735256,19,1496.0,98129,31206.0,,823352,90,,42,1
393,30735285,19,1496.0,98129,31982.0,,823353,90,,47,1
394,30735304,19,1497.0,98129,31768.0,,823353,366,,62,1
395,30735322,19,1496.0,98129,30236.0,,823353,366,,79,1
396,30736326,19,1496.0,98205,31246.0,,823504,3319,,36,1
397,30736344,19,1496.0,98205,31139.0,,823504,366,,37,1
398,30736362,19,1496.0,98205,30853.0,,823505,3319,,51,1
399,30736380,19,1496.0,98205,30871.0,,823505,366,,63,1
400,75613379,21,1496.0,98205,31246.0,,823505,3319,,67,1
401,75613376,21,1496.0,98205,30871.0,,823505,366,,75,1
402,30737595,19,1496.0,98325,32545.0,,823744,366,,19,1
403,30737606,19,1501.0,98325,32759.0,,823745,366,,50,1
404,30737618,19,1496.0,98325,30236.0,,823745,366,,52,1
405,30737630,19,1496.0,98325,30865.0,,823745,3320,,54,1
406,30737641,19,1503.0,98325,31769.0,,823745,3320,,66,1
407,30737646,19,1497.0,98325,29843.0,,823745,366,,66,1
408,30737654,19,1497.0,98325,32212.0,,823745,366,,66,1
409,30737660,19,1496.0,98325,31139.0,,823745,366,,82,1
410,75613978,19,,98354,31251.0,,823803,2708,,89,1
411,30737777,19,1496.0,98354,77.0,,823802,2708,,21,1
412,30737797,19,1496.0,98354,31771.0,,823802,2708,,38,1
413,30737813,19,1499.0,98354,30871.0,,823803,366,,62,1
414,30737833,19,1506.0,98354,30567.0,,823803,366,,85,1
415,86627303,19,1496.0,98354,,,823803,2708,,89,1
416,75614546,19,,98513,31840.0,,824121,67,,90,1
417,30739547,19,,98513,30236.0,,824121,366,,90,1
418,30739543,19,,98513,30704.0,,824121,67,,88,1
419,30717967,19,1496.0,95742,31097.0,,818594,794,,39,1
420,30717974,19,1496.0,95742,31293.0,,818594,573,,44,1
421,30717981,19,1496.0,95742,32425.0,,818595,573,,52,1
422,30717988,19,1496.0,95742,31274.0,,818595,794,,64,1
423,30718005,19,1496.0,95742,32426.0,,818595,573,,88,1
424,30719555,19,1496.0,96511,32415.0,,820118,794,,44,1
425,30719575,19,1496.0,96511,31291.0,,820119,683,,78,1
426,30719589,19,1506.0,96511,31707.0,,820119,683,,90,1
427,30719980,19,1496.0,96632,31623.0,,820361,2554,,67,1
428,30719995,19,1499.0,96632,31558.0,,820361,2554,,85,1
429,30721208,19,1499.0,96920,32431.0,,820936,794,,24,1
430,30721214,19,1496.0,96920,31098.0,,820936,794,,40,1
431,30721218,19,1496.0,96920,31931.0,,820937,794,,73,1
432,30721230,19,1496.0,96920,1920.0,,820937,67,,84,1
433,30721267,19,1496.0,96929,32372.0,,820954,2726,,41,1
434,30721275,19,1496.0,96929,31533.0,,820955,2726,,49,1
435,75608210,19,1496.0,96929,32428.0,,820955,794,,90,1
436,30722849,19,1496.0,97055,32367.0,,821207,3321,,84,1
437,30722843,19,1496.0,97055,31714.0,,821207,3321,,75,1
438,30722838,19,1496.0,97055,31144.0,,821207,3321,,51,1
439,30723919,19,1496.0,97139,511.0,,821374,503,,27,1
440,30723938,19,1496.0,97139,31274.0,,821374,794,,28,1
441,30724382,19,1496.0,97175,31098.0,,821446,794,,21,1
442,30724389,19,1496.0,97175,23987.0,,821447,482,,52,1
443,30724396,19,1501.0,97175,4817.0,,821447,794,,70,1
444,30725425,19,1496.0,97258,1835.0,,821612,68,,10,1
445,30725442,19,1496.0,97258,32282.0,,821613,794,,59,1
446,30725462,19,1496.0,97258,31097.0,,821613,794,,68,1
447,30726856,19,,97376,32282.0,,821849,794,,79,1
448,30726855,19,,97376,31483.0,,821849,794,,62,1
449,30726849,19,,97376,29717.0,,821848,82,,11,1
450,30727789,19,1496.0,97441,31098.0,,821979,794,,47,1
451,30727821,19,1502.0,97441,962.0,,821979,90,,62,1
452,30727834,19,1496.0,97441,31194.0,,821979,90,,63,1
453,30727774,19,1499.0,97441,32288.0,,821978,794,,41,1
454,30727780,19,1506.0,97441,706.0,,821978,794,,44,1
455,30727862,19,1496.0,97441,31982.0,,821979,90,,69,1
456,75610972,20,1496.0,97555,31138.0,,822206,510,,13,1
457,30728988,19,1496.0,97555,32282.0,,822206,794,,34,1
458,30729002,19,1496.0,97555,30328.0,,822206,510,,35,1
459,30729023,19,1496.0,97555,31098.0,,822206,794,,57,1
460,30729042,19,1496.0,97555,30959.0,,822207,510,,76,1
461,30729061,19,1506.0,97555,30920.0,,822207,510,,80,1
462,30729719,19,1496.0,97631,31769.0,,822358,3320,,34,1
463,30729743,19,1496.0,97631,32391.0,,822359,794,,61,1
464,30730850,19,1496.0,97726,31768.0,,822548,366,,25,1
465,30730861,19,1496.0,97726,29660.0,,822548,366,,28,1
466,75611603,21,1496.0,97726,29660.0,,822548,366,,40,1
467,30730880,19,1496.0,97726,31098.0,,822548,794,,62,1
468,30730891,19,1496.0,97726,32672.0,,822549,794,,65,1
469,30730905,19,1496.0,97726,32428.0,,822549,794,,83,1
470,30730921,19,1496.0,97726,32537.0,,822549,366,,89,1
471,30730938,19,1496.0,97726,31274.0,,822549,794,,90,1
472,30731489,19,1496.0,97782,31274.0,,822660,794,,43,1
473,30731497,19,1496.0,97782,32360.0,,822660,2708,,44,1
474,30731511,19,1496.0,97782,77.0,,822661,2708,,84,1
475,30732228,19,,97848,31280.0,,822793,3319,,88,1
476,30732192,19,1496.0,97848,30896.0,,822792,794,,36,1
477,30734623,19,1496.0,98062,31504.0,,823219,573,,52,1
478,30734641,19,1496.0,98062,31257.0,,823219,573,,60,1
479,30734654,19,1496.0,98062,31098.0,,823219,794,,79,1
480,30734665,19,1496.0,98062,32652.0,,823219,794,,88,1
481,30734990,19,1496.0,98101,1931.0,,823297,683,,63,1
482,30735003,19,1496.0,98101,31707.0,,823297,683,,80,1
483,30736291,19,1496.0,98214,32470.0,,823523,2554,,81,1
484,30736273,19,1496.0,98214,32391.0,,823523,794,,58,1
485,30736258,19,1496.0,98214,31931.0,,823522,794,,2,1
486,30736946,19,1506.0,98269,31098.0,,823632,794,,43,1
487,30736954,19,1497.0,98269,32414.0,,823632,67,,45,1
488,30736967,19,1496.0,98269,31714.0,,823633,794,,81,1
489,30736975,19,1496.0,98269,31483.0,,823633,794,,90,1
490,30738255,19,1496.0,98391,30548.0,,823876,2726,,14,1
491,30738260,19,1496.0,98391,31483.0,,823876,794,,27,1
492,30738264,19,1497.0,98391,32282.0,,823877,794,,90,1
493,30739467,19,1496.0,98505,32448.0,,824104,794,,25,1
494,71275496,19,1499.0,98505,32157.0,,824105,3321,,57,1
495,30717602,19,1496.0,95704,511.0,,818524,503,,12,1
496,30717616,19,1496.0,95704,3871.0,,818524,503,,18,1
497,30717629,19,1496.0,95704,30869.0,,818524,2708,,25,1
498,30717635,19,1496.0,95704,31708.0,,818524,2708,,35,1
499,30719300,19,1496.0,96424,30498.0,,321631,2726,,63,1
500,30719352,19,1496.0,96424,3871.0,,321631,503,,71,1
501,75607268,21,1499.0,96424,3871.0,,321631,503,,72,1
502,30719387,19,1506.0,96424,30286.0,,321631,503,,75,1
503,30719398,19,1496.0,96424,32113.0,,321631,2726,,77,1
504,30719410,19,1496.0,96424,29830.0,,321631,503,,83,1
505,30719437,19,1496.0,96424,30987.0,,321631,2726,,89,1
506,30720173,19,1496.0,96675,32170.0,,820446,3321,,6,1
507,30720192,19,1496.0,96675,32100.0,,820446,503,,8,1
508,30720212,19,1496.0,96675,31702.0,,820446,3321,,18,1
509,30720233,19,1496.0,96675,31857.0,,820446,503,,19,1
510,75607621,19,1499.0,96675,31571.0,,820447,3321,,72,1
511,30720448,19,1497.0,96779,23449.0,,820655,90,,88,1
512,30721824,19,1496.0,96974,30996.0,,821045,482,,73,1
513,86628047,19,1496.0,96974,,,821045,482,,73,1
514,30721833,19,1496.0,96974,32479.0,,821045,482,,78,1
515,75608357,19,,96974,31686.0,,821045,503,,80,1
516,30722402,19,1496.0,97010,30057.0,,821117,503,,82,1
517,30722382,19,1496.0,97010,30959.0,,821116,510,,42,1
518,30722392,19,1506.0,97010,31653.0,,821117,510,,74,1
519,30723919,19,1496.0,97139,511.0,,821374,503,,27,1
520,30723938,19,1496.0,97139,31274.0,,821374,794,,28,1
521,30725183,19,1496.0,97239,32362.0,,821575,503,,83,1
522,30725160,19,1496.0,97239,31288.0,,821574,503,,4,1
523,30725171,19,1496.0,97239,3871.0,,821575,503,,78,1
524,30725177,19,1496.0,97239,31739.0,,821575,68,,80,1
525,30725843,19,1496.0,97302,29830.0,,821700,503,,42,1
526,30725856,19,1496.0,97302,31924.0,,821701,82,,60,1
527,30725867,19,1496.0,97302,30878.0,,821701,82,,80,1
528,75609984,19,1496.0,97302,32362.0,,821701,503,,82,1
529,30726509,19,1496.0,97350,29830.0,,821797,503,,56,1
530,30726513,19,1496.0,97350,29833.0,,821797,3320,,61,1
531,30727404,19,1496.0,97422,31768.0,,821941,366,,83,1
532,30727388,19,1496.0,97422,29593.0,,821941,503,,69,1
533,30727410,19,1503.0,97422,639.0,,821941,503,,85,1
534,30727363,19,1496.0,97422,30567.0,,821940,366,,1,1
535,30727377,19,1496.0,97422,32136.0,,821941,366,,57,1
536,30727418,19,1497.0,97422,31362.0,,821941,366,,90,1
537,30730078,19,1496.0,97648,22887.0,,822393,67,,61,1
538,30730095,19,1496.0,97648,1744.0,,822393,67,,82,1
539,30730368,19,1496.0,97685,31221.0,,822466,3317,,15,1
540,30730392,19,1496.0,97685,31039.0,,822466,3317,,24,1
541,30730406,19,1496.0,97685,29773.0,,822467,3317,,48,1
542,30731392,19,1496.0,97773,32239.0,,822642,503,,4,1
543,30731415,19,1496.0,97773,30590.0,,822643,683,,74,1
544,30731428,19,1497.0,97773,29830.0,,822643,503,,86,1
545,30732310,19,1496.0,97857,3871.0,,822811,503,,55,1
546,30732319,19,1496.0,97857,29815.0,,822811,573,,56,1
547,30732329,19,1496.0,97857,31686.0,,822811,503,,89,1
548,30734173,19,1496.0,98016,31572.0,,823126,2708,,20,1
549,30734181,19,1496.0,98016,30238.0,,823126,2708,,32,1
550,30734194,19,1496.0,98016,30561.0,,823126,2708,,36,1
551,30734199,19,1496.0,98016,31273.0,,823126,2708,,42,1
552,30734213,19,1496.0,98016,29593.0,,823126,503,,45,1
553,30734223,19,1496.0,98016,511.0,,823127,503,,82,1
554,30735899,19,1496.0,98176,32352.0,,823446,503,,28,1
555,30735920,19,1496.0,98176,31773.0,,823446,2726,,28,1
556,30736597,19,1496.0,98243,511.0,,823581,503,,78,1
557,75613550,21,1496.0,98243,511.0,,823581,503,,84,1
558,30737812,19,1496.0,98345,30286.0,,823785,503,,72,1
559,30738077,19,1496.0,98364,29830.0,,823822,503,,39,1
560,30738091,19,1496.0,98364,32362.0,,823823,503,,50,1
561,30738847,19,1496.0,98448,32100.0,,823991,503,,78,1
562,30717602,19,1496.0,95704,511.0,,818524,503,,12,1
563,30717616,19,1496.0,95704,3871.0,,818524,503,,18,1
564,30717629,19,1496.0,95704,30869.0,,818524,2708,,25,1
565,30717635,19,1496.0,95704,31708.0,,818524,2708,,35,1
566,30719309,19,1496.0,96460,32361.0,,820016,2708,,31,1
567,30719347,19,1496.0,96460,31280.0,,820016,3319,,33,1
568,30719390,19,1496.0,96460,77.0,,820017,2708,,48,1
569,30719419,19,1506.0,96460,32203.0,,820017,3319,,52,1
570,75607338,21,1496.0,96460,32203.0,,820017,3319,,53,1
571,30719471,19,1496.0,96460,24235.0,,820017,3319,,68,1
572,30719505,19,1496.0,96460,31246.0,,820017,3319,,72,1
573,30719536,19,1496.0,96460,32360.0,,820017,2708,,73,1
574,71275054,20,1505.0,96603,31708.0,,820303,2708,,79,1
575,30719902,19,1496.0,96603,30865.0,,820303,3320,,82,1
576,30719813,19,1496.0,96603,32154.0,,820302,3320,,42,1
577,30719829,19,1496.0,96603,31087.0,,820303,2708,,49,1
578,30719844,19,1506.0,96603,32353.0,,820303,2708,,55,1
579,30719871,19,1496.0,96603,31468.0,,820303,3320,,68,1
580,30720362,19,1496.0,96748,32347.0,,820593,683,,88,1
581,30720344,19,1496.0,96748,32353.0,,820592,2708,,35,1
582,30720354,19,1496.0,96748,30784.0,,820593,683,,58,1
583,30721442,19,1496.0,96946,29843.0,,820989,366,,67,1
584,30721455,19,1497.0,96946,31139.0,,820989,366,,75,1
585,30721413,19,1496.0,96946,30236.0,,820988,366,,9,1
586,30721425,19,1497.0,96946,32136.0,,820989,366,,65,1
587,30722514,19,1496.0,97029,31251.0,,821154,2708,,33,1
588,30722522,19,1499.0,97029,32420.0,,821155,573,,52,1
589,30722545,19,1496.0,97029,32457.0,,821155,573,,90,1
590,30724081,19,1497.0,97149,30554.0,,821395,67,,90,1
591,30724038,19,1496.0,97149,31806.0,,821394,67,,19,1
592,30724057,19,1499.0,97149,31051.0,,821395,67,,64,1
593,30724066,19,1496.0,97149,77.0,,821395,2708,,83,1
594,30724732,19,1496.0,97201,32130.0,,821499,3317,,53,1
595,30724755,19,1496.0,97201,31273.0,,821499,2708,,64,1
596,30725620,19,1497.0,97285,29702.0,,821666,2708,,26,1
597,30725633,19,1496.0,97285,31251.0,,821666,2708,,31,1
598,30725646,19,1496.0,97285,32353.0,,821666,2708,,38,1
599,30725668,19,1496.0,97285,29683.0,,821667,2708,,59,1
600,30725682,19,1496.0,97285,736.0,,821667,3321,,74,1
601,30725693,19,1496.0,97285,32157.0,,821667,3321,,75,1
602,30725711,19,1496.0,97285,32355.0,,821667,2708,,88,1
603,75609867,19,1496.0,97285,31708.0,,821667,2708,,90,1
604,30726404,19,1496.0,97340,1246.0,,821776,2708,,26,1
605,30726424,19,1506.0,97340,32361.0,,821777,2708,,77,1
606,30726396,19,1496.0,97340,31533.0,,821776,2726,,11,1
607,30726414,19,1496.0,97340,31572.0,,821777,2708,,57,1
608,75610108,21,1496.0,97340,31533.0,,821777,2726,,68,1
609,30726432,19,1496.0,97340,30987.0,,821777,2726,,80,1
610,30726445,19,1496.0,97340,31087.0,,821777,2708,,84,1
611,86627809,19,1496.0,97340,,,821777,2708,,84,1
612,30726452,19,,97340,31550.0,,821777,2726,,89,1
613,30729124,19,1497.0,97563,32507.0,,822223,482,,56,1
614,30729137,19,1496.0,97563,77.0,,822223,2708,,57,1
615,30729088,19,1496.0,97563,30996.0,,822222,482,,25,1
616,30729096,19,1496.0,97563,32477.0,,822222,482,,45,1
617,30729112,19,1496.0,97563,30078.0,,822223,482,,52,1
618,30729159,19,1496.0,97563,32361.0,,822223,2708,,85,1
619,30729453,19,1496.0,97592,32139.0,,822280,68,,19,1
620,30730543,19,1496.0,97695,31687.0,,822486,2708,,18,1
621,30730556,19,1496.0,97695,30189.0,,822486,82,,30,1
622,30730565,19,1496.0,97695,31534.0,,822487,82,,54,1
623,30731489,19,1496.0,97782,31274.0,,822660,794,,43,1
624,30731497,19,1496.0,97782,32360.0,,822660,2708,,44,1
625,30731511,19,1496.0,97782,77.0,,822661,2708,,84,1
626,30732466,19,1496.0,97865,31138.0,,822827,510,,71,1
627,30732448,19,1496.0,97865,31251.0,,822826,2708,,16,1
628,30732459,19,1496.0,97865,32360.0,,822827,2708,,58,1
629,30732475,19,1497.0,97865,31572.0,,822827,2708,,74,1
630,30732490,19,1501.0,97865,32361.0,,822827,2708,,82,1
631,30733269,19,1497.0,97941,30850.0,,822977,90,,52,1
632,30733277,19,1496.0,97941,30641.0,,822977,90,,56,1
633,30734173,19,1496.0,98016,31572.0,,823126,2708,,20,1
634,30734181,19,1496.0,98016,30238.0,,823126,2708,,32,1
635,30734194,19,1496.0,98016,30561.0,,823126,2708,,36,1
636,30734199,19,1496.0,98016,31273.0,,823126,2708,,42,1
637,30734213,19,1496.0,98016,29593.0,,823126,503,,45,1
638,30734223,19,1496.0,98016,511.0,,823127,503,,82,1
639,30735713,19,1496.0,98157,30853.0,,823408,3319,,20,1
640,30735732,19,1501.0,98157,30561.0,,823409,2708,,79,1
641,30735752,19,1496.0,98157,29702.0,,823409,2708,,84,1
642,30735765,19,1497.0,98157,31572.0,,823409,2708,,90,1
643,30736758,19,,98252,31087.0,,823599,2708,,89,1
644,30736697,19,1496.0,98252,77.0,,823598,2708,,45,1
645,30736707,19,1496.0,98252,32482.0,,823599,3320,,49,1
646,30736714,19,1496.0,98252,30238.0,,823599,2708,,56,1
647,30736730,19,1496.0,98252,1246.0,,823599,2708,,58,1
648,30736739,19,1496.0,98252,31708.0,,823599,2708,,65,1
649,30736750,19,1496.0,98252,30865.0,,823599,3320,,71,1
650,86627395,19,1496.0,98252,,,823599,2708,,89,1
651,30737873,19,1496.0,98336,32221.0,,823766,2708,,29,1
652,30737883,19,1496.0,98336,1931.0,,823767,683,,51,1
653,30737891,19,1496.0,98336,31771.0,,823767,2708,,84,1
654,30737900,19,1496.0,98336,32360.0,,823767,2708,,90,1
655,75613978,19,,98354,31251.0,,823803,2708,,89,1
656,30737777,19,1496.0,98354,77.0,,823802,2708,,21,1
657,30737797,19,1496.0,98354,31771.0,,823802,2708,,38,1
658,30737813,19,1499.0,98354,30871.0,,823803,366,,62,1
659,30737833,19,1506.0,98354,30567.0,,823803,366,,85,1
660,86627303,19,1496.0,98354,,,823803,2708,,89,1
661,30739024,19,1496.0,98457,31239.0,,321645,573,,67,1
662,30738959,19,1496.0,98457,31273.0,,824008,2708,,11,1
663,30738972,19,1502.0,98457,31708.0,,824008,2708,,15,1
664,30738978,19,1496.0,98457,32420.0,,824008,573,,37,1
665,30738992,19,1506.0,98457,32425.0,,824008,573,,45,1
666,30739005,19,1496.0,98457,32495.0,,321645,573,,47,1
667,30739030,19,1497.0,98457,32386.0,,321645,573,,85,1
668,30739036,19,1497.0,98457,31687.0,,321645,2708,,85,1
669,30717777,19,1496.0,95723,32048.0,,818558,3317,,18,1
670,30717769,19,1496.0,95723,30921.0,,818558,90,,5,1
671,75606779,21,1506.0,95723,30921.0,,818558,90,,45,1
672,30717783,19,1496.0,95723,6543.0,,818558,3317,,54,1
673,75606776,21,1496.0,95723,6543.0,,818559,3317,,66,1
674,30717787,19,1499.0,95723,31221.0,,818559,3317,,74,1
675,30717790,19,1496.0,95723,31982.0,,818559,90,,78,1
676,30718561,19,1497.0,95788,29717.0,,818685,82,,60,1
677,30720110,19,1496.0,96701,30722.0,,820498,3317,,45,1
678,75607673,19,1496.0,96701,31636.0,,820499,3317,,50,1
679,30720882,19,1496.0,96847,31246.0,,820791,3319,,60,1
680,30720849,19,1496.0,96847,32648.0,,820790,3319,,45,1
681,30720867,19,1497.0,96847,24235.0,,820791,3319,,58,1
682,30721403,19,1501.0,96937,31260.0,,820970,3317,,19,1
683,30721427,19,1496.0,96937,31138.0,,820971,510,,57,1
684,30721443,19,1496.0,96937,30142.0,,820971,3317,,88,1
685,75608630,19,,97020,32564.0,,821137,3320,,73,1
686,30722393,19,1496.0,97020,31039.0,,821136,3317,,11,1
687,86627999,19,1496.0,97020,,,821137,3320,,73,1
688,30724042,19,1496.0,97157,31772.0,,821410,3317,,16,1
689,30724054,19,1496.0,97157,32212.0,,821410,366,,19,1
690,30724061,19,1496.0,97157,31362.0,,821411,366,,86,1
691,30724732,19,1496.0,97201,32130.0,,821499,3317,,53,1
692,30724755,19,1496.0,97201,31273.0,,821499,2708,,64,1
693,30725447,19,1496.0,97267,32130.0,,821630,3317,,16,1
694,30725515,19,,97267,7804.0,,821631,3317,,84,1
695,30725505,19,1496.0,97267,31806.0,,821631,67,,75,1
696,30725460,19,1496.0,97267,253.0,,821630,67,,17,1
697,75609818,20,1496.0,97267,29773.0,,821630,3317,,18,1
698,30725478,19,1496.0,97267,31221.0,,821630,3317,,60,1
699,30725489,19,1496.0,97267,30422.0,,821631,67,,63,1
700,30725497,19,1496.0,97267,32048.0,,821631,3317,,70,1
701,86627848,19,1496.0,97267,,,821631,3317,,84,1
702,30727077,19,1496.0,97395,30142.0,,821886,3317,,16,1
703,30727092,19,1496.0,97395,31221.0,,821886,3317,,30,1
704,30727104,19,1496.0,97395,31257.0,,821886,573,,38,1
705,30727118,19,1496.0,97395,31260.0,,821887,3317,,55,1
706,30727131,19,1496.0,97395,4929.0,,821887,573,,90,1
707,30728051,19,1496.0,97469,31221.0,,822035,3317,,54,1
708,30728065,19,1496.0,97469,30989.0,,822035,683,,76,1
709,30728078,19,1496.0,97469,32265.0,,822035,3317,,77,1
710,30728486,19,1496.0,97507,31260.0,,822111,3317,,70,1
711,30728462,19,1496.0,97507,32048.0,,822110,3317,,28,1
712,30728458,19,1496.0,97507,31455.0,,822110,2554,,5,1
713,30728472,19,1496.0,97507,335.0,,822111,2554,,59,1
714,30728499,19,1496.0,97507,31039.0,,822111,3317,,77,1
715,30730129,19,1496.0,97659,30987.0,,822414,2726,,32,1
716,30730142,19,1496.0,97659,30142.0,,822414,3317,,35,1
717,30730153,19,1496.0,97659,31039.0,,822415,3317,,85,1
718,30730129,19,1496.0,97659,30987.0,,822414,2726,,32,1
719,30730142,19,1496.0,97659,30142.0,,822414,3317,,35,1
720,30730153,19,1496.0,97659,31039.0,,822415,3317,,85,1
721,30730368,19,1496.0,97685,31221.0,,822466,3317,,15,1
722,30730392,19,1496.0,97685,31039.0,,822466,3317,,24,1
723,30730406,19,1496.0,97685,29773.0,,822467,3317,,48,1
724,30731824,19,1496.0,97801,32048.0,,822698,3317,,35,1
725,75611872,20,1496.0,97801,30193.0,,822698,3321,,17,1
726,30731830,19,1497.0,97801,32511.0,,822698,3321,,61,1
727,30731844,19,1497.0,97801,29635.0,,822699,3321,,84,1
728,86627614,19,1496.0,97801,,,822699,3321,,84,1
729,30731857,19,,97801,736.0,,822699,3321,,90,1
730,30732779,19,1496.0,97893,30607.0,,822883,482,,58,1
731,30732740,19,1497.0,97893,32477.0,,822882,482,,38,1
732,30732748,19,1497.0,97893,31221.0,,822882,3317,,38,1
733,30732765,19,1496.0,97893,30996.0,,822882,482,,39,1
734,86627539,19,1503.0,97893,,,822883,482,,58,1
735,30732790,19,,97893,32172.0,,822883,482,,76,1
736,30734430,19,1496.0,98044,29773.0,,823182,3317,,25,1
737,30734453,19,1496.0,98044,32339.0,,823182,90,,42,1
738,30734466,19,1497.0,98044,31759.0,,823182,3317,,45,1
739,30734490,19,1496.0,98044,30641.0,,823182,90,,45,1
740,30734516,19,1496.0,98044,23449.0,,823183,90,,75,1
741,30735464,19,1496.0,98138,32130.0,,823370,3317,,9,1
742,30735479,19,1496.0,98138,31924.0,,823370,82,,40,1
743,30735490,19,1496.0,98138,31039.0,,823371,3317,,46,1
744,30735503,19,1496.0,98138,29717.0,,823371,82,,48,1
745,30735515,19,1496.0,98138,1827.0,,823371,82,,53,1
746,30735527,19,1496.0,98138,31636.0,,823371,3317,,68,1
747,30736382,19,1499.0,98223,32394.0,,823540,68,,9,1
748,30736396,19,1496.0,98223,30234.0,,823540,68,,41,1
749,30737211,19,1496.0,98297,668.0,,823688,3319,,34,1
750,30737223,19,1496.0,98297,31039.0,,823689,3317,,61,1
751,30737238,19,1496.0,98297,31759.0,,823689,3317,,62,1
752,30737251,19,1496.0,98297,32130.0,,823689,3317,,67,1
753,30737269,19,1497.0,98297,31822.0,,823689,3319,,72,1
754,30737279,19,1496.0,98297,30853.0,,823689,3319,,78,1
755,64369814,19,1496.0,98383,32048.0,,823860,3317,,10,1
756,64369811,19,1496.0,98383,31039.0,,823860,3317,,42,1
757,64369815,19,1496.0,98383,29773.0,,823861,3317,,89,1
758,64369816,19,1497.0,98383,30328.0,,823861,510,,90,1
759,64369817,19,1496.0,98383,31653.0,,823861,510,,90,1
760,30738672,19,1496.0,98438,31769.0,,823971,3320,,52,1
761,30738685,19,1496.0,98438,31759.0,,823971,3317,,67,1
762,30738711,19,1501.0,98438,31260.0,,823971,3317,,71,1
763,30738721,19,1496.0,98438,32156.0,,823971,3320,,78,1
764,30717967,19,1496.0,95742,31097.0,,818594,794,,39,1
765,30717974,19,1496.0,95742,31293.0,,818594,573,,44,1
766,30717981,19,1496.0,95742,32425.0,,818595,573,,52,1
767,30717988,19,1496.0,95742,31274.0,,818595,794,,64,1
768,30718005,19,1496.0,95742,32426.0,,818595,573,,88,1
769,30719561,19,1496.0,96486,1835.0,,820068,68,,9,1
770,30719581,19,1496.0,96486,31293.0,,820068,573,,25,1
771,30719603,19,1496.0,96486,32457.0,,820068,573,,29,1
772,30719614,19,1496.0,96486,30365.0,,820068,68,,31,1
773,30719620,19,1496.0,96486,879.0,,820068,68,,37,1
774,30719657,19,1506.0,96580,31293.0,,820256,573,,41,1
775,30719655,19,1496.0,96580,31991.0,,820256,90,,26,1
776,30719667,19,1496.0,96580,22999.0,,820257,90,,90,1
777,30719651,19,1496.0,96580,30641.0,,820256,90,,13,1
778,30719660,19,1497.0,96580,32432.0,,820257,573,,57,1
779,30719663,19,1496.0,96580,30506.0,,820257,573,,68,1
780,30720863,19,1506.0,96867,31138.0,,820831,510,,83,1
781,30720790,19,1496.0,96867,32101.0,,820830,510,,26,1
782,30720815,19,1496.0,96867,31257.0,,820830,573,,35,1
783,30720839,19,1496.0,96867,30328.0,,820831,510,,79,1
784,30720876,19,1496.0,96867,29815.0,,820831,573,,83,1
785,30721664,19,1496.0,96955,31504.0,,821006,573,,28,1
786,30721682,19,1496.0,96955,32472.0,,821006,573,,39,1
787,30721733,19,,96955,593.0,,821007,82,,86,1
788,30721647,19,1496.0,96955,32425.0,,821006,573,,26,1
789,30721692,19,1496.0,96955,31530.0,,821007,82,,56,1
790,30721699,19,1506.0,96955,31534.0,,821007,82,,66,1
791,30721719,19,1501.0,96955,31257.0,,821007,573,,82,1
792,86628041,19,1496.0,96955,,,821007,82,,86,1
793,75608314,20,1496.0,96955,30878.0,,821007,82,,90,1
794,30722514,19,1496.0,97029,31251.0,,821154,2708,,33,1
795,30722522,19,1499.0,97029,32420.0,,821155,573,,52,1
796,30722545,19,1496.0,97029,32457.0,,821155,573,,90,1
797,30723248,19,1496.0,97093,32138.0,,821283,3320,,62,1
798,30723270,19,1496.0,97093,30506.0,,821283,573,,64,1
799,30723281,19,1496.0,97093,31293.0,,821283,573,,76,1
800,30723300,19,1496.0,97093,32425.0,,821283,573,,80,1
801,30723317,19,1496.0,97093,29833.0,,821283,3320,,85,1
802,30724875,19,1496.0,97221,31139.0,,821539,366,,54,1
803,30724887,19,1496.0,97221,32472.0,,821539,573,,65,1
804,30724862,19,1496.0,97221,30236.0,,821538,366,,31,1
805,30726265,19,,97329,32680.0,,821755,3319,,89,1
806,75610063,21,,97329,32648.0,,821755,3319,,86,1
807,30726190,19,,97329,30022.0,,821754,3319,,4,1
808,30726236,19,,97329,31280.0,,821755,3319,,67,1
809,30726205,19,,97329,32648.0,,821754,3319,,12,1
810,30726288,19,,97329,32435.0,,821755,573,,90,1
811,30727077,19,1496.0,97395,30142.0,,821886,3317,,16,1
812,30727092,19,1496.0,97395,31221.0,,821886,3317,,30,1
813,30727104,19,1496.0,97395,31257.0,,821886,573,,38,1
814,30727118,19,1496.0,97395,31260.0,,821887,3317,,55,1
815,30727131,19,1496.0,97395,4929.0,,821887,573,,90,1
816,30727485,19,1496.0,97430,30422.0,,821957,67,,60,1
817,30727495,19,1496.0,97430,31504.0,,821957,573,,61,1
818,75610481,19,1496.0,97430,32420.0,,821957,573,,72,1
819,30728781,19,1497.0,97536,1887.0,,822168,683,,18,1
820,30728813,19,1497.0,97536,32435.0,,822168,573,,31,1
821,30728829,19,1496.0,97536,31293.0,,822168,573,,37,1
822,30728837,19,1496.0,97536,31504.0,,822169,573,,49,1
823,30728850,19,1496.0,97536,29815.0,,822169,573,,59,1
824,30728862,19,1497.0,97536,32426.0,,822169,573,,67,1
825,86627703,19,1496.0,97536,,,822169,573,,67,1
826,30728878,19,1496.0,97536,31680.0,,822169,683,,74,1
827,30728892,19,,97536,31257.0,,822169,573,,84,1
828,71275217,21,1496.0,97536,1887.0,,822169,683,,86,1
829,30730267,19,1496.0,97668,29743.0,,822432,482,,2,1
830,30730279,19,1497.0,97668,30078.0,,822433,482,,49,1
831,30730292,19,1497.0,97668,32432.0,,822433,573,,54,1
832,30730296,19,1499.0,97668,31504.0,,822433,573,,63,1
833,30730308,19,1496.0,97668,32479.0,,822433,482,,90,1
834,30730267,19,1496.0,97668,29743.0,,822432,482,,2,1
835,30730279,19,1497.0,97668,30078.0,,822433,482,,49,1
836,30730292,19,1497.0,97668,32432.0,,822433,573,,54,1
837,30730296,19,1499.0,97668,31504.0,,822433,573,,63,1
838,30730308,19,1496.0,97668,32479.0,,822433,482,,90,1
839,30730670,19,1496.0,97704,335.0,,822504,2554,,15,1
840,30730674,19,1497.0,97704,29815.0,,822505,573,,50,1
841,30730680,19,1497.0,97704,29703.0,,822505,2554,,50,1
842,30730686,19,1496.0,97704,30506.0,,822505,573,,56,1
843,30730696,19,1496.0,97704,31412.0,,822505,573,,60,1
844,75611501,19,1496.0,97704,32118.0,,822505,2554,,79,1
845,30731835,19,1499.0,97811,31257.0,,822719,573,,50,1
846,30731847,19,1506.0,97811,32372.0,,822719,2726,,74,1
847,30731864,19,1496.0,97811,32356.0,,822719,573,,80,1
848,30732310,19,1496.0,97857,3871.0,,822811,503,,55,1
849,30732319,19,1496.0,97857,29815.0,,822811,573,,56,1
850,30732329,19,1496.0,97857,31686.0,,822811,503,,89,1
851,30733847,19,1496.0,97978,31412.0,,823051,573,,76,1
852,30733883,19,1501.0,97978,32511.0,,823051,3321,,90,1
853,30733756,19,1496.0,97978,31702.0,,823050,3321,,45,1
854,30733799,19,1506.0,97978,30506.0,,823051,573,,73,1
855,30733823,19,1501.0,97978,736.0,,823051,3321,,74,1
856,30734623,19,1496.0,98062,31504.0,,823219,573,,52,1
857,30734641,19,1496.0,98062,31257.0,,823219,573,,60,1
858,30734654,19,1496.0,98062,31098.0,,823219,794,,79,1
859,30734665,19,1496.0,98062,32652.0,,823219,794,,88,1
860,30735186,19,1496.0,98111,32386.0,,823316,573,,26,1
861,30735199,19,1496.0,98111,32394.0,,823316,68,,28,1
862,30735217,19,1496.0,98111,31049.0,,321638,68,,61,1
863,30735231,19,1496.0,98111,30234.0,,321638,68,,71,1
864,30735251,19,1497.0,98111,31257.0,,321638,573,,75,1
865,30735268,19,1496.0,98111,1835.0,,321638,68,,81,1
866,75613499,19,,98232,32495.0,,823559,573,,87,1
867,30736559,19,1496.0,98232,23449.0,,823558,90,,20,1
868,30736573,19,1496.0,98232,30641.0,,823558,90,,45,1
869,30736586,19,1496.0,98232,31504.0,,823559,573,,62,1
870,30736604,19,1496.0,98232,29970.0,,823559,90,,87,1
871,86627378,19,1496.0,98232,,,823559,90,,87,1
872,30738340,19,1496.0,98400,31239.0,,823894,573,,22,1
873,30738359,19,1496.0,98400,1827.0,,823894,82,,36,1
874,30738363,19,1496.0,98400,31412.0,,823895,573,,59,1
875,30738381,19,1496.0,98400,593.0,,823895,82,,72,1
876,30739024,19,1496.0,98457,31239.0,,321645,573,,67,1
877,30738959,19,1496.0,98457,31273.0,,824008,2708,,11,1
878,30738972,19,1502.0,98457,31708.0,,824008,2708,,15,1
879,30738978,19,1496.0,98457,32420.0,,824008,573,,37,1
880,30738992,19,1506.0,98457,32425.0,,824008,573,,45,1
881,30739005,19,1496.0,98457,32495.0,,321645,573,,47,1
882,30739030,19,1497.0,98457,32386.0,,321645,573,,85,1
883,30739036,19,1497.0,98457,31687.0,,321645,2708,,85,1
884,30739740,19,1496.0,98532,32495.0,,824158,573,,29,1
885,30739748,19,1497.0,98532,30870.0,,824159,3320,,53,1
886,30739759,19,1496.0,98532,32386.0,,824159,573,,75,1
887,30718358,19,1497.0,95770,1371.0,,818650,510,,45,1
888,30718370,19,1496.0,95770,30871.0,,818650,366,,45,1
889,30718838,19,1496.0,95817,29833.0,,818733,3320,,72,1
890,30718843,19,1496.0,95817,31468.0,,818733,3320,,78,1
891,30718848,19,1496.0,95817,3119.0,,818733,510,,88,1
892,30719556,19,1496.0,96534,30328.0,,820165,510,,51,1
893,30719578,19,1496.0,96534,880.0,,820165,67,,52,1
894,30719592,19,1496.0,96534,30704.0,,820165,67,,73,1
895,30720863,19,1506.0,96867,31138.0,,820831,510,,83,1
896,30720790,19,1496.0,96867,32101.0,,820830,510,,26,1
897,30720815,19,1496.0,96867,31257.0,,820830,573,,35,1
898,30720839,19,1496.0,96867,30328.0,,820831,510,,79,1
899,30720876,19,1496.0,96867,29815.0,,820831,573,,83,1
900,30721403,19,1501.0,96937,31260.0,,820970,3317,,19,1
901,30721427,19,1496.0,96937,31138.0,,820971,510,,57,1
902,30721443,19,1496.0,96937,30142.0,,820971,3317,,88,1
903,30722402,19,1496.0,97010,30057.0,,821117,503,,82,1
904,30722382,19,1496.0,97010,30959.0,,821116,510,,42,1
905,30722392,19,1506.0,97010,31653.0,,821117,510,,74,1
906,30723453,19,1496.0,97103,32101.0,,821302,510,,26,1
907,30723465,19,1496.0,97103,31730.0,,821303,510,,69,1
908,30723475,19,1496.0,97103,31656.0,,821303,2554,,83,1
909,71275114,19,1496.0,97103,24101.0,,821303,2554,,90,1
910,30724433,19,1496.0,97184,30109.0,,821464,510,,41,1
911,30724441,19,1496.0,97184,30989.0,,821464,683,,44,1
912,30724445,19,1496.0,97184,1887.0,,821464,683,,44,1
913,30724450,19,1496.0,97184,31653.0,,821465,510,,68,1
914,30724453,19,1497.0,97184,31115.0,,821465,510,,77,1
915,30725703,19,1503.0,97275,30959.0,,821647,510,,57,1
916,30725714,19,1496.0,97275,30633.0,,821647,510,,59,1
917,30725745,19,1496.0,97275,31648.0,,821647,510,,85,1
918,30725733,19,1497.0,97275,30328.0,,821647,510,,71,1
919,30726906,19,1496.0,97385,30607.0,,821867,482,,59,1
920,30726923,19,1496.0,97385,30996.0,,821867,482,,62,1
921,30726943,19,1496.0,97385,30920.0,,821867,510,,75,1
922,30728120,19,1496.0,97479,31135.0,,822054,3321,,17,1
923,30728129,19,1497.0,97479,32170.0,,822055,3321,,78,1
924,75610972,20,1496.0,97555,31138.0,,822206,510,,13,1
925,30728988,19,1496.0,97555,32282.0,,822206,794,,34,1
926,30729002,19,1496.0,97555,30328.0,,822206,510,,35,1
927,30729023,19,1496.0,97555,31098.0,,822206,794,,57,1
928,30729042,19,1496.0,97555,30959.0,,822207,510,,76,1
929,30729061,19,1506.0,97555,30920.0,,822207,510,,80,1
930,30729759,19,1496.0,97611,32127.0,,822318,82,,26,1
931,30729771,19,1497.0,97611,29717.0,,822318,82,,43,1
932,30731210,19,1496.0,97754,30921.0,,822604,90,,39,1
933,30731227,19,1496.0,97754,29718.0,,822604,510,,44,1
934,30731248,19,1496.0,97754,31194.0,,822605,90,,53,1
935,30731271,19,1496.0,97754,30641.0,,822605,90,,60,1
936,30731284,19,1496.0,97754,30920.0,,822605,510,,65,1
937,30731311,19,1496.0,97754,30959.0,,822605,510,,83,1
938,75611722,21,1496.0,97754,30920.0,,822605,510,,85,1
939,30731954,19,1506.0,97820,31730.0,,822737,510,,46,1
940,30731946,19,1496.0,97820,30922.0,,822736,68,,44,1
941,30731963,19,1496.0,97820,31648.0,,822737,510,,54,1
942,30731969,19,1496.0,97820,30633.0,,822737,510,,81,1
943,86627570,19,1496.0,97820,,,822737,510,,81,1
944,30731977,19,,97820,30234.0,,822737,68,,90,1
945,30732466,19,1496.0,97865,31138.0,,822827,510,,71,1
946,30732448,19,1496.0,97865,31251.0,,822826,2708,,16,1
947,30732459,19,1496.0,97865,32360.0,,822827,2708,,58,1
948,30732475,19,1497.0,97865,31572.0,,822827,2708,,74,1
949,30732490,19,1501.0,97865,32361.0,,822827,2708,,82,1
950,75612582,21,1506.0,97987,32680.0,,823069,3319,,70,1
951,30733874,19,1496.0,97987,32680.0,,823069,3319,,56,1
952,30733891,19,1496.0,97987,1372.0,,823069,510,,68,1
953,30733909,19,1497.0,97987,31212.0,,823069,3319,,76,1
954,30734901,19,,98082,30236.0,,823259,366,,85,1
955,30734887,19,1496.0,98082,29687.0,,823259,366,,56,1
956,30735792,19,1496.0,98167,29833.0,,823428,3320,,45,1
957,30735824,19,,98167,49.0,,823429,510,,89,1
958,30735801,19,1496.0,98167,30328.0,,823429,510,,77,1
959,30735812,19,1496.0,98167,31124.0,,823429,510,,82,1
960,86627456,19,1496.0,98167,,,823429,510,,89,1
961,30736087,19,1496.0,98195,22887.0,,823484,67,,26,1
962,30736095,19,1496.0,98195,31115.0,,823484,510,,30,1
963,30736103,19,1496.0,98195,31806.0,,823485,67,,49,1
964,30736110,19,1496.0,98195,49.0,,823485,510,,58,1
965,30736121,19,1496.0,98195,31346.0,,823485,510,,62,1
966,64369814,19,1496.0,98383,32048.0,,823860,3317,,10,1
967,64369811,19,1496.0,98383,31039.0,,823860,3317,,42,1
968,64369815,19,1496.0,98383,29773.0,,823861,3317,,89,1
969,64369816,19,1497.0,98383,30328.0,,823861,510,,90,1
970,64369817,19,1496.0,98383,31653.0,,823861,510,,90,1
971,30738847,19,1496.0,98448,32100.0,,823991,503,,78,1
972,30739703,19,1496.0,98522,30328.0,,824138,510,,24,1
973,30739716,19,1496.0,98522,33747.0,,824138,2554,,42,1
974,30739723,19,1496.0,98522,29703.0,,824139,2554,,56,1
975,30717647,19,1496.0,95713,32170.0,,818542,3321,,11,1
976,30720173,19,1496.0,96675,32170.0,,820446,3321,,6,1
977,30720192,19,1496.0,96675,32100.0,,820446,503,,8,1
978,30720212,19,1496.0,96675,31702.0,,820446,3321,,18,1
979,30720233,19,1496.0,96675,31857.0,,820446,503,,19,1
980,75607621,19,1499.0,96675,31571.0,,820447,3321,,72,1
981,30720565,19,1496.0,96803,32170.0,,820702,3321,,41,1
982,30720551,19,1497.0,96803,31135.0,,820702,3321,,35,1
983,30720575,19,1501.0,96803,32019.0,,820703,482,,68,1
984,30720585,19,1496.0,96803,31344.0,,820703,3321,,90,1
985,30722074,19,1496.0,96992,32170.0,,821081,3321,,73,1
986,30722070,19,1497.0,96992,31135.0,,821081,3321,,71,1
987,30722059,19,1496.0,96992,32511.0,,821080,3321,,41,1
988,30722065,19,1496.0,96992,31049.0,,821081,68,,61,1
989,30722849,19,1496.0,97055,32367.0,,821207,3321,,84,1
990,30722843,19,1496.0,97055,31714.0,,821207,3321,,75,1
991,30722838,19,1496.0,97055,31144.0,,821207,3321,,51,1
992,30723785,19,,97130,31344.0,,821356,3321,,43,1
993,30723773,19,1497.0,97130,31924.0,,821356,82,,39,1
994,30723800,19,1496.0,97130,31714.0,,821357,3321,,83,1
995,30725336,19,1496.0,97249,32170.0,,821595,3321,,69,1
996,30725302,19,1496.0,97249,29973.0,,821595,90,,53,1
997,30725320,19,1496.0,97249,31206.0,,821595,90,,68,1
998,30725353,19,1497.0,97249,31714.0,,821595,3321,,72,1
999,30725385,19,1501.0,97249,30990.0,,821595,90,,90,1
1000,30725620,19,1497.0,97285,29702.0,,821666,2708,,26,1
1001,30725633,19,1496.0,97285,31251.0,,821666,2708,,31,1
1002,30725646,19,1496.0,97285,32353.0,,821666,2708,,38,1
1003,30725668,19,1496.0,97285,29683.0,,821667,2708,,59,1
1004,30725682,19,1496.0,97285,736.0,,821667,3321,,74,1
1005,30725693,19,1496.0,97285,32157.0,,821667,3321,,75,1
1006,30725711,19,1496.0,97285,32355.0,,821667,2708,,88,1
1007,75609867,19,1496.0,97285,31708.0,,821667,2708,,90,1
1008,75610185,19,,97359,668.0,,821815,3319,,90,1
1009,30726748,19,,97359,31713.0,,821815,3321,,90,1
1010,30726722,19,1496.0,97359,32680.0,,821814,3319,,45,1
1011,30726730,19,1496.0,97359,25775.0,,821815,3319,,81,1
1012,30726737,19,1496.0,97359,30193.0,,821815,3321,,86,1
1013,30726759,19,1496.0,97359,32801.0,,821815,3319,,90,1
1014,86627799,19,1496.0,97359,,,821815,3319,,90,1
1015,30728120,19,1496.0,97479,31135.0,,822054,3321,,17,1
1016,30728129,19,1497.0,97479,32170.0,,822055,3321,,78,1
1017,30728696,19,1496.0,97526,32138.0,,822149,3320,,65,1
1018,30728687,19,1496.0,97526,31729.0,,822148,3320,,40,1
1019,75610893,20,1505.0,97526,31135.0,,822149,3321,,53,1
1020,30728706,19,1496.0,97526,32367.0,,822149,3321,,86,1
1021,30729786,19,1496.0,97622,31139.0,,822341,366,,66,1
1022,30729798,19,1496.0,97622,32532.0,,822341,366,,69,1
1023,86627668,19,1496.0,97622,,,822341,366,,69,1
1024,30729817,19,,97622,31713.0,,822341,3321,,77,1
1025,30731294,19,1496.0,97744,31836.0,,822584,3321,,8,1
1026,30731313,19,1496.0,97744,30979.0,,822584,67,,38,1
1027,30731347,19,1496.0,97744,31824.0,,822585,67,,75,1
1028,30731824,19,1496.0,97801,32048.0,,822698,3317,,35,1
1029,75611872,20,1496.0,97801,30193.0,,822698,3321,,17,1
1030,30731830,19,1497.0,97801,32511.0,,822698,3321,,61,1
1031,30731844,19,1497.0,97801,29635.0,,822699,3321,,84,1
1032,86627614,19,1496.0,97801,,,822699,3321,,84,1
1033,30731857,19,,97801,736.0,,822699,3321,,90,1
1034,30732976,19,1496.0,97904,30784.0,,822904,683,,40,1
1035,30733000,19,1496.0,97904,31707.0,,822905,683,,81,1
1036,30733847,19,1496.0,97978,31412.0,,823051,573,,76,1
1037,30733883,19,1501.0,97978,32511.0,,823051,3321,,90,1
1038,30733756,19,1496.0,97978,31702.0,,823050,3321,,45,1
1039,30733799,19,1506.0,97978,30506.0,,823051,573,,73,1
1040,30733823,19,1501.0,97978,736.0,,823051,3321,,74,1
1041,30734596,19,1496.0,98053,32113.0,,823200,2726,,17,1
1042,30734626,19,1496.0,98053,32157.0,,823201,3321,,58,1
1043,30734645,19,1496.0,98053,32286.0,,823201,2726,,73,1
1044,75612866,19,1496.0,98053,31714.0,,823201,3321,,86,1
1045,30735341,19,1506.0,98120,31727.0,,823335,2554,,65,1
1046,30735294,19,1496.0,98120,32118.0,,823334,2554,,25,1
1047,30735315,19,1496.0,98120,31684.0,,823335,2554,,62,1
1048,30736597,19,1496.0,98243,511.0,,823581,503,,78,1
1049,75613550,21,1496.0,98243,511.0,,823581,503,,84,1
1050,75613846,19,,98315,31825.0,,823725,3321,,90,1
1051,30737454,19,1499.0,98315,32170.0,,823724,3321,,23,1
1052,30737462,19,1496.0,98315,32477.0,,823724,482,,37,1
1053,30737469,19,1496.0,98315,29743.0,,823725,482,,69,1
1054,30737477,19,1496.0,98315,32479.0,,823725,482,,84,1
1055,30737483,19,1496.0,98315,29936.0,,823725,482,,85,1
1056,30737492,19,1496.0,98315,30078.0,,823725,482,,88,1
1057,30737504,19,1496.0,98315,32367.0,,823725,3321,,90,1
1058,75613845,19,1501.0,98315,30607.0,,823725,482,,90,1
1059,86627356,19,1496.0,98315,,,823725,482,,90,1
1060,30738539,19,1496.0,98410,32511.0,,823914,3321,,25,1
1061,30738557,19,1497.0,98410,736.0,,823915,3321,,53,1
1062,30738586,19,1496.0,98410,31135.0,,823915,3321,,56,1
1063,30738601,19,1497.0,98410,31344.0,,823915,3321,,58,1
1064,30738622,19,1496.0,98410,31746.0,,823915,68,,87,1
1065,30738645,19,1496.0,98410,32170.0,,823915,3321,,89,1
1066,30739467,19,1496.0,98505,32448.0,,824104,794,,25,1
1067,71275496,19,1499.0,98505,32157.0,,824105,3321,,57,1
1068,30718300,19,1496.0,95762,1887.0,,818635,683,,77,1
1069,30719561,19,1496.0,96486,1835.0,,820068,68,,9,1
1070,30719581,19,1496.0,96486,31293.0,,820068,573,,25,1
1071,30719603,19,1496.0,96486,32457.0,,820068,573,,29,1
1072,30719614,19,1496.0,96486,30365.0,,820068,68,,31,1
1073,30719620,19,1496.0,96486,879.0,,820068,68,,37,1
1074,30720110,19,1496.0,96701,30722.0,,820498,3317,,45,1
1075,75607673,19,1496.0,96701,31636.0,,820499,3317,,50,1
1076,30720744,19,1496.0,96825,31728.0,,820747,2554,,90,1
1077,30720701,19,1496.0,96825,30372.0,,820747,68,,56,1
1078,30720711,19,1499.0,96825,31656.0,,820747,2554,,84,1
1079,30720727,19,1497.0,96825,1607.0,,820747,2554,,85,1
1080,30722074,19,1496.0,96992,32170.0,,821081,3321,,73,1
1081,30722070,19,1497.0,96992,31135.0,,821081,3321,,71,1
1082,30722059,19,1496.0,96992,32511.0,,821080,3321,,41,1
1083,30722065,19,1496.0,96992,31049.0,,821081,68,,61,1
1084,30723137,19,1496.0,97084,31533.0,,821264,2726,,9,1
1085,30723157,19,1496.0,97084,4842.0,,821265,68,,69,1
1086,75608866,19,1496.0,97084,31550.0,,821265,2726,,82,1
1087,30724224,19,1496.0,97166,30996.0,,821428,482,,45,1
1088,30724238,19,1496.0,97166,29936.0,,821429,482,,54,1
1089,30725183,19,1496.0,97239,32362.0,,821575,503,,83,1
1090,30725160,19,1496.0,97239,31288.0,,821574,503,,4,1
1091,30725171,19,1496.0,97239,3871.0,,821575,503,,78,1
1092,30725177,19,1496.0,97239,31739.0,,821575,68,,80,1
1093,30725425,19,1496.0,97258,1835.0,,821612,68,,10,1
1094,30725442,19,1496.0,97258,32282.0,,821613,794,,59,1
1095,30725462,19,1496.0,97258,31097.0,,821613,794,,68,1
1096,30727138,19,1496.0,97403,31198.0,,821903,90,,60,1
1097,86627787,19,1496.0,97403,,,821903,90,,60,1
1098,71275180,19,,97403,29970.0,,821903,90,,73,1
1099,30727777,19,1496.0,97451,31427.0,,821999,82,,55,1
1100,30727786,19,1496.0,97451,29717.0,,821999,82,,60,1
1101,30727811,19,1496.0,97451,32127.0,,821999,82,,64,1
1102,75611031,19,,97571,32937.0,,822239,67,,90,1
1103,30729228,19,,97571,253.0,,822239,67,,60,1
1104,30729221,19,,97571,31739.0,,822239,68,,48,1
1105,30729214,19,,97571,32414.0,,822239,67,,46,1
1106,30729211,19,,97571,31824.0,,822238,67,,38,1
1107,30729244,19,,97571,32394.0,,822239,68,,89,1
1108,30729235,19,,97571,30488.0,,822239,68,,82,1
1109,30729453,19,1496.0,97592,32139.0,,822280,68,,19,1
1110,30731025,19,1496.0,97735,31049.0,,822567,68,,53,1
1111,30731954,19,1506.0,97820,31730.0,,822737,510,,46,1
1112,30731946,19,1496.0,97820,30922.0,,822736,68,,44,1
1113,30731963,19,1496.0,97820,31648.0,,822737,510,,54,1
1114,30731969,19,1496.0,97820,30633.0,,822737,510,,81,1
1115,86627570,19,1496.0,97820,,,822737,510,,81,1
1116,30731977,19,,97820,30234.0,,822737,68,,90,1
1117,30733067,19,1496.0,97922,31737.0,,822938,366,,28,1
1118,75612346,21,1496.0,97922,31737.0,,822938,366,,44,1
1119,30733563,19,,97961,31769.0,,823017,3320,,90,1
1120,30733548,19,,97961,32154.0,,823017,3320,,83,1
1121,30733520,19,1496.0,97961,31739.0,,823017,68,,67,1
1122,30733527,19,1496.0,97961,29833.0,,823017,3320,,72,1
1123,30734753,19,1496.0,98071,32525.0,,823237,683,,67,1
1124,30734758,19,1496.0,98071,32394.0,,823237,68,,74,1
1125,30735186,19,1496.0,98111,32386.0,,823316,573,,26,1
1126,30735199,19,1496.0,98111,32394.0,,823316,68,,28,1
1127,30735217,19,1496.0,98111,31049.0,,321638,68,,61,1
1128,30735231,19,1496.0,98111,30234.0,,321638,68,,71,1
1129,30735251,19,1497.0,98111,31257.0,,321638,573,,75,1
1130,30735268,19,1496.0,98111,1835.0,,321638,68,,81,1
1131,30736382,19,1499.0,98223,32394.0,,823540,68,,9,1
1132,30736396,19,1496.0,98223,30234.0,,823540,68,,41,1
1133,30737062,19,1496.0,98279,31623.0,,823652,2554,,36,1
1134,30737092,19,1496.0,98279,879.0,,823653,68,,69,1
1135,30738539,19,1496.0,98410,32511.0,,823914,3321,,25,1
1136,30738557,19,1497.0,98410,736.0,,823915,3321,,53,1
1137,30738586,19,1496.0,98410,31135.0,,823915,3321,,56,1
1138,30738601,19,1497.0,98410,31344.0,,823915,3321,,58,1
1139,30738622,19,1496.0,98410,31746.0,,823915,68,,87,1
1140,30738645,19,1496.0,98410,32170.0,,823915,3321,,89,1
1141,75614470,20,1496.0,98495,30548.0,,824085,2726,,58,1
1142,75606834,19,,95732,31153.0,,818575,67,,80,1
1143,30717840,19,1496.0,95732,30704.0,,818575,67,,77,1
1144,30718561,19,1497.0,95788,29717.0,,818685,82,,60,1
1145,30720300,19,1496.0,96725,31924.0,,820546,82,,30,1
1146,30720324,19,1496.0,96725,1931.0,,820547,683,,66,1
1147,30720282,19,1496.0,96725,1887.0,,820546,683,,24,1
1148,30720310,19,1496.0,96725,32390.0,,820547,82,,62,1
1149,75607727,21,1496.0,96725,1887.0,,820547,683,,87,1
1150,30720333,19,1501.0,96725,31507.0,,820547,82,,90,1
1151,30721092,19,1496.0,96910,31531.0,,820916,82,,17,1
1152,30721128,19,,96910,31276.0,,820917,82,,90,1
1153,30721097,19,1496.0,96910,31550.0,,820917,2726,,53,1
1154,30721102,19,1506.0,96910,30987.0,,820917,2726,,60,1
1155,30721110,19,1496.0,96910,31534.0,,820917,82,,66,1
1156,30721117,19,1496.0,96910,29717.0,,820917,82,,69,1
1157,30721664,19,1496.0,96955,31504.0,,821006,573,,28,1
1158,30721682,19,1496.0,96955,32472.0,,821006,573,,39,1
1159,30721733,19,,96955,593.0,,821007,82,,86,1
1160,30721647,19,1496.0,96955,32425.0,,821006,573,,26,1
1161,30721692,19,1496.0,96955,31530.0,,821007,82,,56,1
1162,30721699,19,1506.0,96955,31534.0,,821007,82,,66,1
1163,30721719,19,1501.0,96955,31257.0,,821007,573,,82,1
1164,86628041,19,1496.0,96955,,,821007,82,,86,1
1165,75608314,20,1496.0,96955,30878.0,,821007,82,,90,1
1166,30722730,19,,97038,31695.0,,821173,482,,88,1
1167,30722704,19,1496.0,97038,30189.0,,821172,82,,10,1
1168,30722715,19,1496.0,97038,31866.0,,821172,482,,28,1
1169,30722719,19,1496.0,97038,31507.0,,821172,82,,30,1
1170,30722725,19,1496.0,97038,30078.0,,821172,482,,40,1
1171,75608686,21,1497.0,97038,30189.0,,821173,82,,88,1
1172,86628023,19,1497.0,97038,,,821173,482,,88,1
1173,30723785,19,,97130,31344.0,,821356,3321,,43,1
1174,30723773,19,1497.0,97130,31924.0,,821356,82,,39,1
1175,30723800,19,1496.0,97130,31714.0,,821357,3321,,83,1
1176,30724643,19,1496.0,97193,31728.0,,821482,2554,,19,1
1177,30724662,19,1496.0,97193,30189.0,,821482,82,,36,1
1178,30724679,19,1496.0,97193,29703.0,,821483,2554,,51,1
1179,30724706,19,1496.0,97193,32118.0,,821483,2554,,89,1
1180,30724725,19,1501.0,97193,1607.0,,821483,2554,,90,1
1181,30725843,19,1496.0,97302,29830.0,,821700,503,,42,1
1182,30725856,19,1496.0,97302,31924.0,,821701,82,,60,1
1183,30725867,19,1496.0,97302,30878.0,,821701,82,,80,1
1184,75609984,19,1496.0,97302,32362.0,,821701,503,,82,1
1185,30726856,19,,97376,32282.0,,821849,794,,79,1
1186,30726855,19,,97376,31483.0,,821849,794,,62,1
1187,30726849,19,,97376,29717.0,,821848,82,,11,1
1188,30727777,19,1496.0,97451,31427.0,,821999,82,,55,1
1189,30727786,19,1496.0,97451,29717.0,,821999,82,,60,1
1190,30727811,19,1496.0,97451,32127.0,,821999,82,,64,1
1191,30729358,19,1496.0,97582,31924.0,,822260,82,,11,1
1192,30729344,19,1496.0,97582,31982.0,,822260,90,,3,1
1193,30729369,19,1496.0,97582,31129.0,,822261,82,,77,1
1194,30729379,19,1501.0,97582,31531.0,,822261,82,,90,1
1195,30729397,19,1501.0,97582,31507.0,,822261,82,,90,1
1196,30729759,19,1496.0,97611,32127.0,,822318,82,,26,1
1197,30729771,19,1497.0,97611,29717.0,,822318,82,,43,1
1198,30730543,19,1496.0,97695,31687.0,,822486,2708,,18,1
1199,30730556,19,1496.0,97695,30189.0,,822486,82,,30,1
1200,30730565,19,1496.0,97695,31534.0,,822487,82,,54,1
1201,30732068,19,1496.0,97829,32648.0,,822754,3319,,25,1
1202,30732085,19,1496.0,97829,30878.0,,822754,82,,30,1
1203,30732108,19,1496.0,97829,24235.0,,822755,3319,,49,1
1204,30732135,19,1496.0,97829,29717.0,,822755,82,,53,1
1205,30732641,19,1496.0,97874,32155.0,,822845,3320,,50,1
1206,30732633,19,1496.0,97874,31468.0,,822844,3320,,45,1
1207,30732653,19,1496.0,97874,30189.0,,822845,82,,70,1
1208,30732663,19,1501.0,97874,31709.0,,822845,82,,70,1
1209,75612186,19,1496.0,97874,29717.0,,822845,82,,83,1
1210,30733385,19,1496.0,97951,31885.0,,822996,366,,10,1
1211,30733396,19,1496.0,97951,29717.0,,822996,82,,14,1
1212,30733404,19,1496.0,97951,30567.0,,822996,366,,42,1
1213,30733419,19,1496.0,97951,31427.0,,822997,82,,78,1
1214,70910965,19,1497.0,97951,32406.0,,822997,82,,79,1
1215,30733439,19,1496.0,97951,31362.0,,822997,366,,79,1
1216,30733452,19,1496.0,97951,31709.0,,822997,82,,86,1
1217,75612444,19,1496.0,97951,32390.0,,822997,82,,87,1
1218,30734998,19,1496.0,98092,32378.0,,823278,82,,35,1
1219,30735010,19,1496.0,98092,31531.0,,823279,82,,58,1
1220,86627429,19,1496.0,98092,,,823279,82,,58,1
1221,30735019,19,1496.0,98092,31661.0,,823279,67,,77,1
1222,75612981,19,,98092,593.0,,823279,82,,80,1
1223,30735464,19,1496.0,98138,32130.0,,823370,3317,,9,1
1224,30735479,19,1496.0,98138,31924.0,,823370,82,,40,1
1225,30735490,19,1496.0,98138,31039.0,,823371,3317,,46,1
1226,30735503,19,1496.0,98138,29717.0,,823371,82,,48,1
1227,30735515,19,1496.0,98138,1827.0,,823371,82,,53,1
1228,30735527,19,1496.0,98138,31636.0,,823371,3317,,68,1
1229,30736056,19,1496.0,98184,32185.0,,823462,683,,30,1
1230,30736067,19,1496.0,98184,31129.0,,321639,82,,69,1
1231,30736079,19,1506.0,98184,31531.0,,321639,82,,74,1
1232,30737386,19,1496.0,98306,31550.0,,823706,2726,,45,1
1233,30737400,19,1496.0,98306,1232.0,,823707,2726,,49,1
1234,30737411,19,1496.0,98306,31924.0,,823707,82,,56,1
1235,30737421,19,1496.0,98306,31566.0,,823707,2726,,73,1
1236,75613819,21,1496.0,98306,1232.0,,823707,2726,,77,1
1237,30737432,19,1496.0,98306,4161.0,,823707,2726,,90,1
1238,30738340,19,1496.0,98400,31239.0,,823894,573,,22,1
1239,30738359,19,1496.0,98400,1827.0,,823894,82,,36,1
1240,30738363,19,1496.0,98400,31412.0,,823895,573,,59,1
1241,30738381,19,1496.0,98400,593.0,,823895,82,,72,1
1242,30739276,19,,98476,31924.0,,824047,82,,47,1
1243,30739238,19,,98476,32385.0,,824046,82,,45,1
1244,30739323,19,,98476,32479.0,,824047,482,,57,1
1245,30739221,19,,98476,31507.0,,824046,82,,43,1
1246,30739352,19,,98476,30078.0,,824047,482,,71,1
1247,30739208,19,,98476,23606.0,,824046,482,,36,1
1248,75607034,19,,95779,668.0,,818669,3319,,71,1
1249,30718493,19,1496.0,95779,32547.0,,818668,3319,,34,1
1250,30718503,19,1496.0,95779,32464.0,,818669,3320,,61,1
1251,30718510,19,1496.0,95779,31468.0,,818669,3320,,61,1
1252,30718517,19,1496.0,95779,30123.0,,818669,3319,,67,1
1253,30718838,19,1496.0,95817,29833.0,,818733,3320,,72,1
1254,30718843,19,1496.0,95817,31468.0,,818733,3320,,78,1
1255,30718848,19,1496.0,95817,3119.0,,818733,510,,88,1
1256,71275054,20,1505.0,96603,31708.0,,820303,2708,,79,1
1257,30719902,19,1496.0,96603,30865.0,,820303,3320,,82,1
1258,30719813,19,1496.0,96603,32154.0,,820302,3320,,42,1
1259,30719829,19,1496.0,96603,31087.0,,820303,2708,,49,1
1260,30719844,19,1506.0,96603,32353.0,,820303,2708,,55,1
1261,30719871,19,1496.0,96603,31468.0,,820303,3320,,68,1
1262,30720982,19,1496.0,96889,32212.0,,820874,366,,1,1
1263,30720993,19,1496.0,96889,30892.0,,820875,366,,63,1
1264,30721012,19,1496.0,96889,32057.0,,820875,3320,,89,1
1265,30721688,19,1496.0,96965,1887.0,,821026,683,,23,1
1266,30721702,19,1496.0,96965,32185.0,,821027,683,,70,1
1267,30721709,19,1496.0,96965,31291.0,,821027,683,,78,1
1268,75608630,19,,97020,32564.0,,821137,3320,,73,1
1269,30722393,19,1496.0,97020,31039.0,,821136,3317,,11,1
1270,86627999,19,1496.0,97020,,,821137,3320,,73,1
1271,30723248,19,1496.0,97093,32138.0,,821283,3320,,62,1
1272,30723270,19,1496.0,97093,30506.0,,821283,573,,64,1
1273,30723281,19,1496.0,97093,31293.0,,821283,573,,76,1
1274,30723300,19,1496.0,97093,32425.0,,821283,573,,80,1
1275,30723317,19,1496.0,97093,29833.0,,821283,3320,,85,1
1276,30724990,19,1496.0,97229,31729.0,,821555,3320,,50,1
1277,30724993,19,1496.0,97229,30865.0,,821555,3320,,69,1
1278,30725004,19,1496.0,97229,31806.0,,821555,67,,79,1
1279,30725022,19,1496.0,97229,31840.0,,821555,67,,90,1
1280,30726144,19,1496.0,97321,32464.0,,821738,3320,,21,1
1281,30726195,19,1496.0,97321,32145.0,,821739,3320,,49,1
1282,30726171,19,1496.0,97321,30885.0,,821738,2554,,23,1
1283,30726222,19,1496.0,97321,31728.0,,821739,2554,,67,1
1284,30726255,19,1496.0,97321,30865.0,,821739,3320,,81,1
1285,30726509,19,1496.0,97350,29830.0,,821797,503,,56,1
1286,30726513,19,1496.0,97350,29833.0,,821797,3320,,61,1
1287,30727735,19,,97460,30870.0,,822017,3320,,74,1
1288,30727690,19,1496.0,97460,30498.0,,822016,2726,,30,1
1289,30727718,19,1496.0,97460,32145.0,,822017,3320,,66,1
1290,86627740,19,1496.0,97460,,,822017,3320,,74,1
1291,30728696,19,1496.0,97526,32138.0,,822149,3320,,65,1
1292,30728687,19,1496.0,97526,31729.0,,822148,3320,,40,1
1293,75610893,20,1505.0,97526,31135.0,,822149,3321,,53,1
1294,30728706,19,1496.0,97526,32367.0,,822149,3321,,86,1
1295,30729719,19,1496.0,97631,31769.0,,822358,3320,,34,1
1296,30729743,19,1496.0,97631,32391.0,,822359,794,,61,1
1297,30730349,19,1496.0,97677,32507.0,,822450,482,,45,1
1298,30730367,19,1496.0,97677,32479.0,,822451,482,,74,1
1299,71275264,19,1496.0,97677,32154.0,,822451,3320,,80,1
1300,30731630,19,1496.0,97792,23449.0,,822681,90,,54,1
1301,30731648,19,1497.0,97792,32057.0,,822681,3320,,76,1
1302,70910896,19,1497.0,97792,29970.0,,822681,90,,56,1
1303,30731643,19,1497.0,97792,31206.0,,822681,90,,58,1
1304,30731652,19,1501.0,97792,30921.0,,822681,90,,83,1
1305,30731668,19,1497.0,97792,30870.0,,822681,3320,,86,1
1306,30732641,19,1496.0,97874,32155.0,,822845,3320,,50,1
1307,30732633,19,1496.0,97874,31468.0,,822844,3320,,45,1
1308,30732653,19,1496.0,97874,30189.0,,822845,82,,70,1
1309,30732663,19,1501.0,97874,31709.0,,822845,82,,70,1
1310,75612186,19,1496.0,97874,29717.0,,822845,82,,83,1
1311,30733563,19,,97961,31769.0,,823017,3320,,90,1
1312,30733548,19,,97961,32154.0,,823017,3320,,83,1
1313,30733520,19,1496.0,97961,31739.0,,823017,68,,67,1
1314,30733527,19,1496.0,97961,29833.0,,823017,3320,,72,1
1315,30734322,19,1496.0,98026,31212.0,,823146,3319,,18,1
1316,30735792,19,1496.0,98167,29833.0,,823428,3320,,45,1
1317,30735824,19,,98167,49.0,,823429,510,,89,1
1318,30735801,19,1496.0,98167,30328.0,,823429,510,,77,1
1319,30735812,19,1496.0,98167,31124.0,,823429,510,,82,1
1320,86627456,19,1496.0,98167,,,823429,510,,89,1
1321,30736758,19,,98252,31087.0,,823599,2708,,89,1
1322,30736697,19,1496.0,98252,77.0,,823598,2708,,45,1
1323,30736707,19,1496.0,98252,32482.0,,823599,3320,,49,1
1324,30736714,19,1496.0,98252,30238.0,,823599,2708,,56,1
1325,30736730,19,1496.0,98252,1246.0,,823599,2708,,58,1
1326,30736739,19,1496.0,98252,31708.0,,823599,2708,,65,1
1327,30736750,19,1496.0,98252,30865.0,,823599,3320,,71,1
1328,86627395,19,1496.0,98252,,,823599,2708,,89,1
1329,30737595,19,1496.0,98325,32545.0,,823744,366,,19,1
1330,30737606,19,1501.0,98325,32759.0,,823745,366,,50,1
1331,30737618,19,1496.0,98325,30236.0,,823745,366,,52,1
1332,30737630,19,1496.0,98325,30865.0,,823745,3320,,54,1
1333,30737641,19,1503.0,98325,31769.0,,823745,3320,,66,1
1334,30737646,19,1497.0,98325,29843.0,,823745,366,,66,1
1335,30737654,19,1497.0,98325,32212.0,,823745,366,,66,1
1336,30737660,19,1496.0,98325,31139.0,,823745,366,,82,1
1337,71275479,19,,98375,32564.0,,823845,3320,,88,1
1338,30738103,19,1497.0,98375,30870.0,,823845,3320,,46,1
1339,30738114,19,1497.0,98375,30590.0,,823845,683,,46,1
1340,30738124,19,1497.0,98375,30169.0,,823845,683,,70,1
1341,30738136,19,1506.0,98375,32148.0,,823845,3320,,83,1
1342,86627292,19,1496.0,98375,,,823845,3320,,88,1
1343,30738672,19,1496.0,98438,31769.0,,823971,3320,,52,1
1344,30738685,19,1496.0,98438,31759.0,,823971,3317,,67,1
1345,30738711,19,1501.0,98438,31260.0,,823971,3317,,71,1
1346,30738721,19,1496.0,98438,32156.0,,823971,3320,,78,1
1347,30739740,19,1496.0,98532,32495.0,,824158,573,,29,1
1348,30739748,19,1497.0,98532,30870.0,,824159,3320,,53,1
1349,30739759,19,1496.0,98532,32386.0,,824159,573,,75,1
1350,75606834,19,,95732,31153.0,,818575,67,,80,1
1351,30717840,19,1496.0,95732,30704.0,,818575,67,,77,1
1352,30718626,19,1496.0,95798,32473.0,,321630,482,,52,1
1353,86628180,19,1496.0,95798,,,321630,482,,52,1
1354,75607107,19,,95798,31138.0,,321630,67,,68,1
1355,75607098,19,,95798,30996.0,,321630,482,,90,1
1356,86628187,19,1496.0,95798,,,321630,482,,90,1
1357,30719556,19,1496.0,96534,30328.0,,820165,510,,51,1
1358,30719578,19,1496.0,96534,880.0,,820165,67,,52,1
1359,30719592,19,1496.0,96534,30704.0,,820165,67,,73,1
1360,30721208,19,1499.0,96920,32431.0,,820936,794,,24,1
1361,30721214,19,1496.0,96920,31098.0,,820936,794,,40,1
1362,30721218,19,1496.0,96920,31931.0,,820937,794,,73,1
1363,30721230,19,1496.0,96920,1920.0,,820937,67,,84,1
1364,30721937,19,1506.0,96983,32203.0,,821062,3319,,20,1
1365,30721956,19,1496.0,96983,668.0,,821062,3319,,44,1
1366,30721980,19,1496.0,96983,253.0,,821063,67,,49,1
1367,30721999,19,1503.0,96983,4783.0,,821063,67,,52,1
1368,30722011,19,1496.0,96983,30704.0,,821063,67,,61,1
1369,30722019,19,1496.0,96983,32680.0,,821063,3319,,75,1
1370,30722701,19,1496.0,97045,31153.0,,821186,67,,12,1
1371,30722707,19,1496.0,97045,29843.0,,821187,366,,65,1
1372,30722714,19,1496.0,97045,31768.0,,821187,366,,79,1
1373,86627975,19,1496.0,97045,,,821187,366,,79,1
1374,75608717,19,,97045,31661.0,,821187,67,,87,1
1375,30724081,19,1497.0,97149,30554.0,,821395,67,,90,1
1376,30724038,19,1496.0,97149,31806.0,,821394,67,,19,1
1377,30724057,19,1499.0,97149,31051.0,,821395,67,,64,1
1378,30724066,19,1496.0,97149,77.0,,821395,2708,,83,1
1379,30724990,19,1496.0,97229,31729.0,,821555,3320,,50,1
1380,30724993,19,1496.0,97229,30865.0,,821555,3320,,69,1
1381,30725004,19,1496.0,97229,31806.0,,821555,67,,79,1
1382,30725022,19,1496.0,97229,31840.0,,821555,67,,90,1
1383,30725447,19,1496.0,97267,32130.0,,821630,3317,,16,1
1384,30725515,19,,97267,7804.0,,821631,3317,,84,1
1385,30725505,19,1496.0,97267,31806.0,,821631,67,,75,1
1386,30725460,19,1496.0,97267,253.0,,821630,67,,17,1
1387,75609818,20,1496.0,97267,29773.0,,821630,3317,,18,1
1388,30725478,19,1496.0,97267,31221.0,,821630,3317,,60,1
1389,30725489,19,1496.0,97267,30422.0,,821631,67,,63,1
1390,30725497,19,1496.0,97267,32048.0,,821631,3317,,70,1
1391,86627848,19,1496.0,97267,,,821631,3317,,84,1
1392,30727382,19,1496.0,97414,1920.0,,821925,67,,80,1
1393,30727346,19,1496.0,97414,32414.0,,821924,67,,27,1
1394,30727357,19,1506.0,97414,31291.0,,821925,683,,52,1
1395,30727365,19,1497.0,97414,30422.0,,821925,67,,72,1
1396,30727373,19,1497.0,97414,30169.0,,821925,683,,72,1
1397,75610443,20,1496.0,97414,31806.0,,821925,67,,80,1
1398,30727485,19,1496.0,97430,30422.0,,821957,67,,60,1
1399,30727495,19,1496.0,97430,31504.0,,821957,573,,61,1
1400,75610481,19,1496.0,97430,32420.0,,821957,573,,72,1
1401,75611031,19,,97571,32937.0,,822239,67,,90,1
1402,30729228,19,,97571,253.0,,822239,67,,60,1
1403,30729221,19,,97571,31739.0,,822239,68,,48,1
1404,30729214,19,,97571,32414.0,,822239,67,,46,1
1405,30729211,19,,97571,31824.0,,822238,67,,38,1
1406,30729244,19,,97571,32394.0,,822239,68,,89,1
1407,30729235,19,,97571,30488.0,,822239,68,,82,1
1408,30730078,19,1496.0,97648,22887.0,,822393,67,,61,1
1409,30730095,19,1496.0,97648,1744.0,,822393,67,,82,1
1410,30731294,19,1496.0,97744,31836.0,,822584,3321,,8,1
1411,30731313,19,1496.0,97744,30979.0,,822584,67,,38,1
1412,30731347,19,1496.0,97744,31824.0,,822585,67,,75,1
1413,30731356,19,1496.0,97764,880.0,,822624,67,,9,1
1414,30731384,19,1496.0,97764,24101.0,,822625,2554,,51,1
1415,30733012,19,,97914,31982.0,,822924,90,,3,1
1416,30733032,19,,97914,31194.0,,822924,90,,27,1
1417,30733048,19,,97914,31661.0,,822924,67,,32,1
1418,30733105,19,1496.0,97932,31824.0,,822959,67,,90,1
1419,30733070,19,1496.0,97932,31773.0,,822959,2726,,57,1
1420,30733092,19,1496.0,97932,30548.0,,822959,2726,,58,1
1421,30734998,19,1496.0,98092,32378.0,,823278,82,,35,1
1422,30735010,19,1496.0,98092,31531.0,,823279,82,,58,1
1423,86627429,19,1496.0,98092,,,823279,82,,58,1
1424,30735019,19,1496.0,98092,31661.0,,823279,67,,77,1
1425,75612981,19,,98092,593.0,,823279,82,,80,1
1426,30735575,19,1497.0,98147,30607.0,,823389,482,,55,1
1427,30735582,19,1496.0,98147,31840.0,,823389,67,,59,1
1428,30735589,19,1496.0,98147,30078.0,,823389,482,,66,1
1429,30735597,19,1496.0,98147,23606.0,,823389,482,,83,1
1430,30735605,19,1497.0,98147,31824.0,,823389,67,,84,1
1431,30736087,19,1496.0,98195,22887.0,,823484,67,,26,1
1432,30736095,19,1496.0,98195,31115.0,,823484,510,,30,1
1433,30736103,19,1496.0,98195,31806.0,,823485,67,,49,1
1434,30736110,19,1496.0,98195,49.0,,823485,510,,58,1
1435,30736121,19,1496.0,98195,31346.0,,823485,510,,62,1
1436,30736946,19,1506.0,98269,31098.0,,823632,794,,43,1
1437,30736954,19,1497.0,98269,32414.0,,823632,67,,45,1
1438,30736967,19,1496.0,98269,31714.0,,823633,794,,81,1
1439,30736975,19,1496.0,98269,31483.0,,823633,794,,90,1
1440,30738654,19,1496.0,98420,31246.0,,823934,3319,,28,1
1441,30738684,19,1496.0,98420,33707.0,,823935,67,,69,1
1442,30738695,19,1496.0,98420,32549.0,,823935,67,,75,1
1443,30738706,19,1496.0,98420,4783.0,,823935,67,,81,1
1444,75614546,19,,98513,31840.0,,824121,67,,90,1
1445,30739547,19,,98513,30236.0,,824121,366,,90,1
1446,30739543,19,,98513,30704.0,,824121,67,,88,1
1447,30717777,19,1496.0,95723,32048.0,,818558,3317,,18,1
1448,30717769,19,1496.0,95723,30921.0,,818558,90,,5,1
1449,75606779,21,1506.0,95723,30921.0,,818558,90,,45,1
1450,30717783,19,1496.0,95723,6543.0,,818558,3317,,54,1
1451,75606776,21,1496.0,95723,6543.0,,818559,3317,,66,1
1452,30717787,19,1499.0,95723,31221.0,,818559,3317,,74,1
1453,30717790,19,1496.0,95723,31982.0,,818559,90,,78,1
1454,75607135,19,,95807,29970.0,,818717,90,,90,1
1455,30718780,19,1496.0,95807,30236.0,,818716,366,,20,1
1456,30718789,19,1496.0,95807,31982.0,,818717,90,,53,1
1457,30718803,19,1497.0,95807,23449.0,,818717,90,,89,1
1458,30718810,19,1497.0,95807,30871.0,,818717,366,,89,1
1459,86628200,19,1506.0,95807,,,818717,90,,90,1
1460,30719657,19,1506.0,96580,31293.0,,820256,573,,41,1
1461,30719655,19,1496.0,96580,31991.0,,820256,90,,26,1
1462,30719667,19,1496.0,96580,22999.0,,820257,90,,90,1
1463,30719651,19,1496.0,96580,30641.0,,820256,90,,13,1
1464,30719660,19,1497.0,96580,32432.0,,820257,573,,57,1
1465,30719663,19,1496.0,96580,30506.0,,820257,573,,68,1
1466,30720448,19,1497.0,96779,23449.0,,820655,90,,88,1
1467,30722200,19,1496.0,97001,31558.0,,821098,2554,,23,1
1468,30722206,19,1496.0,97001,24101.0,,821098,2554,,31,1
1469,30722211,19,1496.0,97001,23449.0,,821098,90,,34,1
1470,30722221,19,1496.0,97001,29703.0,,821099,2554,,71,1
1471,30722238,19,1496.0,97001,335.0,,821099,2554,,89,1
1472,30723173,19,1496.0,97064,1887.0,,821225,683,,47,1
1473,30723150,19,1496.0,97064,23449.0,,821224,90,,16,1
1474,30723118,19,1496.0,97064,5921.0,,821224,90,,11,1
1475,30723196,19,1497.0,97064,30590.0,,821225,683,,53,1
1476,30723211,19,1496.0,97064,31991.0,,821225,90,,80,1
1477,30723237,19,1497.0,97064,31206.0,,821225,90,,86,1
1478,30723257,19,1496.0,97064,962.0,,821225,90,,90,1
1479,30723681,19,1496.0,97121,31991.0,,821339,90,,68,1
1480,30723658,19,1496.0,97121,31773.0,,821339,2726,,48,1
1481,86627926,19,1496.0,97121,,,821339,2726,,48,1
1482,30723663,19,1496.0,97121,31550.0,,821339,2726,,60,1
1483,30723672,19,1496.0,97121,31775.0,,821339,2726,,65,1
1484,75609073,19,,97121,30498.0,,821339,2726,,78,1
1485,30725336,19,1496.0,97249,32170.0,,821595,3321,,69,1
1486,30725302,19,1496.0,97249,29973.0,,821595,90,,53,1
1487,30725320,19,1496.0,97249,31206.0,,821595,90,,68,1
1488,30725353,19,1497.0,97249,31714.0,,821595,3321,,72,1
1489,30725385,19,1501.0,97249,30990.0,,821595,90,,90,1
1490,30725801,19,1496.0,97294,30641.0,,821685,90,,67,1
1491,30725808,19,1496.0,97294,23987.0,,821685,482,,85,1
1492,30725786,19,1496.0,97294,29936.0,,821685,482,,47,1
1493,30725790,19,1497.0,97294,31206.0,,821685,90,,61,1
1494,30725796,19,1496.0,97294,32507.0,,821685,482,,66,1
1495,30727138,19,1496.0,97403,31198.0,,821903,90,,60,1
1496,86627787,19,1496.0,97403,,,821903,90,,60,1
1497,71275180,19,,97403,29970.0,,821903,90,,73,1
1498,30727789,19,1496.0,97441,31098.0,,821979,794,,47,1
1499,30727821,19,1502.0,97441,962.0,,821979,90,,62,1
1500,30727834,19,1496.0,97441,31194.0,,821979,90,,63,1
1501,30727774,19,1499.0,97441,32288.0,,821978,794,,41,1
1502,30727780,19,1506.0,97441,706.0,,821978,794,,44,1
1503,30727862,19,1496.0,97441,31982.0,,821979,90,,69,1
1504,30729358,19,1496.0,97582,31924.0,,822260,82,,11,1
1505,30729344,19,1496.0,97582,31982.0,,822260,90,,3,1
1506,30729369,19,1496.0,97582,31129.0,,822261,82,,77,1
1507,30729379,19,1501.0,97582,31531.0,,822261,82,,90,1
1508,30729397,19,1501.0,97582,31507.0,,822261,82,,90,1
1509,30729911,19,1496.0,97639,31194.0,,822374,90,,38,1
1510,30729918,19,1496.0,97639,32648.0,,822375,3319,,57,1
1511,30729926,19,1497.0,97639,32548.0,,822375,3319,,68,1
1512,30731210,19,1496.0,97754,30921.0,,822604,90,,39,1
1513,30731227,19,1496.0,97754,29718.0,,822604,510,,44,1
1514,30731248,19,1496.0,97754,31194.0,,822605,90,,53,1
1515,30731271,19,1496.0,97754,30641.0,,822605,90,,60,1
1516,30731284,19,1496.0,97754,30920.0,,822605,510,,65,1
1517,30731311,19,1496.0,97754,30959.0,,822605,510,,83,1
1518,75611722,21,1496.0,97754,30920.0,,822605,510,,85,1
1519,30731630,19,1496.0,97792,23449.0,,822681,90,,54,1
1520,30731648,19,1497.0,97792,32057.0,,822681,3320,,76,1
1521,70910896,19,1497.0,97792,29970.0,,822681,90,,56,1
1522,30731643,19,1497.0,97792,31206.0,,822681,90,,58,1
1523,30731652,19,1501.0,97792,30921.0,,822681,90,,83,1
1524,30731668,19,1497.0,97792,30870.0,,822681,3320,,86,1
1525,30733012,19,,97914,31982.0,,822924,90,,3,1
1526,30733032,19,,97914,31194.0,,822924,90,,27,1
1527,30733048,19,,97914,31661.0,,822924,67,,32,1
1528,30733269,19,1497.0,97941,30850.0,,822977,90,,52,1
1529,30733277,19,1496.0,97941,30641.0,,822977,90,,56,1
1530,30734430,19,1496.0,98044,29773.0,,823182,3317,,25,1
1531,30734453,19,1496.0,98044,32339.0,,823182,90,,42,1
1532,30734466,19,1497.0,98044,31759.0,,823182,3317,,45,1
1533,30734490,19,1496.0,98044,30641.0,,823182,90,,45,1
1534,30734516,19,1496.0,98044,23449.0,,823183,90,,75,1
1535,30735256,19,1496.0,98129,31206.0,,823352,90,,42,1
1536,30735285,19,1496.0,98129,31982.0,,823353,90,,47,1
1537,30735304,19,1497.0,98129,31768.0,,823353,366,,62,1
1538,30735322,19,1496.0,98129,30236.0,,823353,366,,79,1
1539,75613499,19,,98232,32495.0,,823559,573,,87,1
1540,30736559,19,1496.0,98232,23449.0,,823558,90,,20,1
1541,30736573,19,1496.0,98232,30641.0,,823558,90,,45,1
1542,30736586,19,1496.0,98232,31504.0,,823559,573,,62,1
1543,30736604,19,1496.0,98232,29970.0,,823559,90,,87,1
1544,86627378,19,1496.0,98232,,,823559,90,,87,1
1545,30737812,19,1496.0,98345,30286.0,,823785,503,,72,1
1546,75614259,19,,98429,31198.0,,823953,90,,89,1
1547,30738653,19,1496.0,98429,32118.0,,823953,2554,,48,1
1548,30738674,19,1496.0,98429,31728.0,,823953,2554,,50,1
1549,30738691,19,1496.0,98429,31982.0,,823953,90,,85,1
1550,86627227,19,1497.0,98429,,,823953,90,,89,1
1551,30718300,19,1496.0,95762,1887.0,,818635,683,,77,1
1552,30719555,19,1496.0,96511,32415.0,,820118,794,,44,1
1553,30719575,19,1496.0,96511,31291.0,,820119,683,,78,1
1554,30719589,19,1506.0,96511,31707.0,,820119,683,,90,1
1555,30720300,19,1496.0,96725,31924.0,,820546,82,,30,1
1556,30720324,19,1496.0,96725,1931.0,,820547,683,,66,1
1557,30720282,19,1496.0,96725,1887.0,,820546,683,,24,1
1558,30720310,19,1496.0,96725,32390.0,,820547,82,,62,1
1559,75607727,21,1496.0,96725,1887.0,,820547,683,,87,1
1560,30720333,19,1501.0,96725,31507.0,,820547,82,,90,1
1561,30720362,19,1496.0,96748,32347.0,,820593,683,,88,1
1562,30720344,19,1496.0,96748,32353.0,,820592,2708,,35,1
1563,30720354,19,1496.0,96748,30784.0,,820593,683,,58,1
1564,30721688,19,1496.0,96965,1887.0,,821026,683,,23,1
1565,30721702,19,1496.0,96965,32185.0,,821027,683,,70,1
1566,30721709,19,1496.0,96965,31291.0,,821027,683,,78,1
1567,30723173,19,1496.0,97064,1887.0,,821225,683,,47,1
1568,30723150,19,1496.0,97064,23449.0,,821224,90,,16,1
1569,30723118,19,1496.0,97064,5921.0,,821224,90,,11,1
1570,30723196,19,1497.0,97064,30590.0,,821225,683,,53,1
1571,30723211,19,1496.0,97064,31991.0,,821225,90,,80,1
1572,30723237,19,1497.0,97064,31206.0,,821225,90,,86,1
1573,30723257,19,1496.0,97064,962.0,,821225,90,,90,1
1574,30723604,19,1496.0,97112,30123.0,,821321,3319,,64,1
1575,30723596,19,1496.0,97112,32680.0,,821321,3319,,61,1
1576,30723588,19,1496.0,97112,32547.0,,821320,3319,,16,1
1577,30723616,19,1501.0,97112,32193.0,,821321,683,,78,1
1578,30723623,19,1496.0,97112,32648.0,,821321,3319,,88,1
1579,30724433,19,1496.0,97184,30109.0,,821464,510,,41,1
1580,30724441,19,1496.0,97184,30989.0,,821464,683,,44,1
1581,30724445,19,1496.0,97184,1887.0,,821464,683,,44,1
1582,30724450,19,1496.0,97184,31653.0,,821465,510,,68,1
1583,30724453,19,1497.0,97184,31115.0,,821465,510,,77,1
1584,30726270,19,1496.0,97312,30590.0,,821720,683,,31,1
1585,30726333,19,1496.0,97312,30567.0,,821721,366,,64,1
1586,30726365,19,,97312,29843.0,,821721,366,,82,1
1587,30726313,19,1496.0,97312,32136.0,,821721,366,,62,1
1588,30726229,19,1496.0,97312,32193.0,,821720,683,,28,1
1589,30726293,19,1506.0,97312,31707.0,,821721,683,,59,1
1590,86627877,19,1496.0,97312,,,821721,366,,64,1
1591,30726350,19,,97312,30366.0,,821721,366,,76,1
1592,86627881,19,1496.0,97312,,,821721,366,,76,1
1593,30727382,19,1496.0,97414,1920.0,,821925,67,,80,1
1594,30727346,19,1496.0,97414,32414.0,,821924,67,,27,1
1595,30727357,19,1506.0,97414,31291.0,,821925,683,,52,1
1596,30727365,19,1497.0,97414,30422.0,,821925,67,,72,1
1597,30727373,19,1497.0,97414,30169.0,,821925,683,,72,1
1598,75610443,20,1496.0,97414,31806.0,,821925,67,,80,1
1599,30728051,19,1496.0,97469,31221.0,,822035,3317,,54,1
1600,30728065,19,1496.0,97469,30989.0,,822035,683,,76,1
1601,30728078,19,1496.0,97469,32265.0,,822035,3317,,77,1
1602,30728781,19,1497.0,97536,1887.0,,822168,683,,18,1
1603,30728813,19,1497.0,97536,32435.0,,822168,573,,31,1
1604,30728829,19,1496.0,97536,31293.0,,822168,573,,37,1
1605,30728837,19,1496.0,97536,31504.0,,822169,573,,49,1
1606,30728850,19,1496.0,97536,29815.0,,822169,573,,59,1
1607,30728862,19,1497.0,97536,32426.0,,822169,573,,67,1
1608,86627703,19,1496.0,97536,,,822169,573,,67,1
1609,30728878,19,1496.0,97536,31680.0,,822169,683,,74,1
1610,30728892,19,,97536,31257.0,,822169,573,,84,1
1611,71275217,21,1496.0,97536,1887.0,,822169,683,,86,1
1612,30729634,19,1496.0,97602,31291.0,,822301,683,,57,1
1613,30729661,19,1496.0,97602,31558.0,,822301,2554,,62,1
1614,30730867,19,1496.0,97716,32585.0,,822528,2726,,8,1
1615,30730874,19,1496.0,97716,32347.0,,822528,683,,25,1
1616,30730892,19,1503.0,97716,32113.0,,822529,2726,,59,1
1617,30731392,19,1496.0,97773,32239.0,,822642,503,,4,1
1618,30731415,19,1496.0,97773,30590.0,,822643,683,,74,1
1619,30731428,19,1497.0,97773,29830.0,,822643,503,,86,1
1620,30732976,19,1496.0,97904,30784.0,,822904,683,,40,1
1621,30733000,19,1496.0,97904,31707.0,,822905,683,,81,1
1622,30734096,19,1496.0,98007,30078.0,,823108,482,,38,1
1623,75612691,20,1498.0,98007,1887.0,,823108,683,,38,1
1624,30734111,19,1496.0,98007,30590.0,,823108,683,,45,1
1625,30734122,19,1496.0,98007,23987.0,,823108,482,,45,1
1626,30734130,19,1496.0,98007,31866.0,,823108,482,,60,1
1627,30734139,19,1496.0,98007,29936.0,,823109,482,,65,1
1628,30734753,19,1496.0,98071,32525.0,,823237,683,,67,1
1629,30734758,19,1496.0,98071,32394.0,,823237,68,,74,1
1630,30734990,19,1496.0,98101,1931.0,,823297,683,,63,1
1631,30735003,19,1496.0,98101,31707.0,,823297,683,,80,1
1632,30736056,19,1496.0,98184,32185.0,,823462,683,,30,1
1633,30736067,19,1496.0,98184,31129.0,,321639,82,,69,1
1634,30736079,19,1506.0,98184,31531.0,,321639,82,,74,1
1635,30737873,19,1496.0,98336,32221.0,,823766,2708,,29,1
1636,30737883,19,1496.0,98336,1931.0,,823767,683,,51,1
1637,30737891,19,1496.0,98336,31771.0,,823767,2708,,84,1
1638,30737900,19,1496.0,98336,32360.0,,823767,2708,,90,1
1639,71275479,19,,98375,32564.0,,823845,3320,,88,1
1640,30738103,19,1497.0,98375,30870.0,,823845,3320,,46,1
1641,30738114,19,1497.0,98375,30590.0,,823845,683,,46,1
1642,30738124,19,1497.0,98375,30169.0,,823845,683,,70,1
1643,30738136,19,1506.0,98375,32148.0,,823845,3320,,83,1
1644,86627292,19,1496.0,98375,,,823845,3320,,88,1
1645,75607034,19,,95779,668.0,,818669,3319,,71,1
1646,30718493,19,1496.0,95779,32547.0,,818668,3319,,34,1
1647,30718503,19,1496.0,95779,32464.0,,818669,3320,,61,1
1648,30718510,19,1496.0,95779,31468.0,,818669,3320,,61,1
1649,30718517,19,1496.0,95779,30123.0,,818669,3319,,67,1
1650,30719309,19,1496.0,96460,32361.0,,820016,2708,,31,1
1651,30719347,19,1496.0,96460,31280.0,,820016,3319,,33,1
1652,30719390,19,1496.0,96460,77.0,,820017,2708,,48,1
1653,30719419,19,1506.0,96460,32203.0,,820017,3319,,52,1
1654,75607338,21,1496.0,96460,32203.0,,820017,3319,,53,1
1655,30719471,19,1496.0,96460,24235.0,,820017,3319,,68,1
1656,30719505,19,1496.0,96460,31246.0,,820017,3319,,72,1
1657,30719536,19,1496.0,96460,32360.0,,820017,2708,,73,1
1658,30719598,19,1496.0,96555,31254.0,,820206,366,,21,1
1659,30719607,19,1496.0,96555,32212.0,,820206,366,,26,1
1660,30719617,19,1496.0,96555,31246.0,,820207,3319,,48,1
1661,30719623,19,1496.0,96555,31768.0,,820207,366,,50,1
1662,86628135,19,1496.0,96555,,,820207,366,,50,1
1663,75607509,20,1505.0,96555,23006.0,,820207,3319,,67,1
1664,30719631,19,1496.0,96555,31935.0,,820207,3319,,86,1
1665,30719633,19,,96555,31770.0,,820207,3319,,89,1
1666,30720882,19,1496.0,96847,31246.0,,820791,3319,,60,1
1667,30720849,19,1496.0,96847,32648.0,,820790,3319,,45,1
1668,30720867,19,1497.0,96847,24235.0,,820791,3319,,58,1
1669,30721937,19,1506.0,96983,32203.0,,821062,3319,,20,1
1670,30721956,19,1496.0,96983,668.0,,821062,3319,,44,1
1671,30721980,19,1496.0,96983,253.0,,821063,67,,49,1
1672,30721999,19,1503.0,96983,4783.0,,821063,67,,52,1
1673,30722011,19,1496.0,96983,30704.0,,821063,67,,61,1
1674,30722019,19,1496.0,96983,32680.0,,821063,3319,,75,1
1675,30723154,19,1496.0,97075,31246.0,,821246,3319,,38,1
1676,30723164,19,1496.0,97075,32648.0,,821246,3319,,45,1
1677,30723179,19,1496.0,97075,29703.0,,821247,2554,,58,1
1678,30723200,19,1496.0,97075,32508.0,,821247,2554,,79,1
1679,30723218,19,1496.0,97075,31455.0,,821247,2554,,81,1
1680,75608807,19,1496.0,97075,31280.0,,821247,3319,,88,1
1681,30723604,19,1496.0,97112,30123.0,,821321,3319,,64,1
1682,30723596,19,1496.0,97112,32680.0,,821321,3319,,61,1
1683,30723588,19,1496.0,97112,32547.0,,821320,3319,,16,1
1684,30723616,19,1501.0,97112,32193.0,,821321,683,,78,1
1685,30723623,19,1496.0,97112,32648.0,,821321,3319,,88,1
1686,30724787,19,,97212,25775.0,,821521,3319,,73,1
1687,30724766,19,1496.0,97212,30548.0,,821521,2726,,60,1
1688,30724801,19,1496.0,97212,31550.0,,821521,2726,,78,1
1689,86627887,19,1496.0,97212,,,821521,3319,,73,1
1690,71275139,19,,97212,30498.0,,821521,2726,,90,1
1691,30726265,19,,97329,32680.0,,821755,3319,,89,1
1692,75610063,21,,97329,32648.0,,821755,3319,,86,1
1693,30726190,19,,97329,30022.0,,821754,3319,,4,1
1694,30726236,19,,97329,31280.0,,821755,3319,,67,1
1695,30726205,19,,97329,32648.0,,821754,3319,,12,1
1696,30726288,19,,97329,32435.0,,821755,573,,90,1
1697,75610185,19,,97359,668.0,,821815,3319,,90,1
1698,30726748,19,,97359,31713.0,,821815,3321,,90,1
1699,30726722,19,1496.0,97359,32680.0,,821814,3319,,45,1
1700,30726730,19,1496.0,97359,25775.0,,821815,3319,,81,1
1701,30726737,19,1496.0,97359,30193.0,,821815,3321,,86,1
1702,30726759,19,1496.0,97359,32801.0,,821815,3319,,90,1
1703,86627799,19,1496.0,97359,,,821815,3319,,90,1
1704,30728245,19,1496.0,97488,23006.0,,822072,3319,,33,1
1705,30728257,19,1497.0,97488,32648.0,,822073,3319,,54,1
1706,30728267,19,1496.0,97488,32203.0,,822073,3319,,58,1
1707,30728278,19,1496.0,97488,32507.0,,822073,482,,61,1
1708,30728288,19,1496.0,97488,31695.0,,822073,482,,90,1
1709,30729911,19,1496.0,97639,31194.0,,822374,90,,38,1
1710,30729918,19,1496.0,97639,32648.0,,822375,3319,,57,1
1711,30729926,19,1497.0,97639,32548.0,,822375,3319,,68,1
1712,30731025,19,1496.0,97735,31049.0,,822567,68,,53,1
1713,30732068,19,1496.0,97829,32648.0,,822754,3319,,25,1
1714,30732085,19,1496.0,97829,30878.0,,822754,82,,30,1
1715,30732108,19,1496.0,97829,24235.0,,822755,3319,,49,1
1716,30732135,19,1496.0,97829,29717.0,,822755,82,,53,1
1717,30732228,19,,97848,31280.0,,822793,3319,,88,1
1718,30732192,19,1496.0,97848,30896.0,,822792,794,,36,1
1719,75612582,21,1506.0,97987,32680.0,,823069,3319,,70,1
1720,30733874,19,1496.0,97987,32680.0,,823069,3319,,56,1
1721,30733891,19,1496.0,97987,1372.0,,823069,510,,68,1
1722,30733909,19,1497.0,97987,31212.0,,823069,3319,,76,1
1723,30734322,19,1496.0,98026,31212.0,,823146,3319,,18,1
1724,30735713,19,1496.0,98157,30853.0,,823408,3319,,20,1
1725,30735732,19,1501.0,98157,30561.0,,823409,2708,,79,1
1726,30735752,19,1496.0,98157,29702.0,,823409,2708,,84,1
1727,30735765,19,1497.0,98157,31572.0,,823409,2708,,90,1
1728,30736326,19,1496.0,98205,31246.0,,823504,3319,,36,1
1729,30736344,19,1496.0,98205,31139.0,,823504,366,,37,1
1730,30736362,19,1496.0,98205,30853.0,,823505,3319,,51,1
1731,30736380,19,1496.0,98205,30871.0,,823505,366,,63,1
1732,75613379,21,1496.0,98205,31246.0,,823505,3319,,67,1
1733,75613376,21,1496.0,98205,30871.0,,823505,366,,75,1
1734,30737211,19,1496.0,98297,668.0,,823688,3319,,34,1
1735,30737223,19,1496.0,98297,31039.0,,823689,3317,,61,1
1736,30737238,19,1496.0,98297,31759.0,,823689,3317,,62,1
1737,30737251,19,1496.0,98297,32130.0,,823689,3317,,67,1
1738,30737269,19,1497.0,98297,31822.0,,823689,3319,,72,1
1739,30737279,19,1496.0,98297,30853.0,,823689,3319,,78,1
1740,30738654,19,1496.0,98420,31246.0,,823934,3319,,28,1
1741,30738684,19,1496.0,98420,33707.0,,823935,67,,69,1
1742,30738695,19,1496.0,98420,32549.0,,823935,67,,75,1
1743,30738706,19,1496.0,98420,4783.0,,823935,67,,81,1
1744,30739056,19,,98467,31727.0,,824029,2554,,56,1
1745,30739046,19,1496.0,98467,31212.0,,824029,3319,,54,1
1746,30739075,19,1496.0,98467,33695.0,,824029,2554,,65,1
1747,30739090,19,1496.0,98467,31558.0,,824029,2554,,72,1
